date,open,high,low,close,volume,turnover
2020-01-02,1971.89,2007.42,1960.04,1997.94,153023187.0,2571196482.0
2020-01-03,2006.23,2050.05,2003.86,2034.66,111619481.0,1914495475.0
2020-01-06,2014.52,2053.61,2002.68,2021.63,86208350.0,1477930193.0
2020-01-07,2028.74,2046.5,2007.42,2031.1,72860756.0,1247047135.0
2020-01-08,2013.34,2019.26,1969.52,1973.07,84782412.0,1423608811.0
2020-01-09,1990.84,2005.05,1957.68,1988.47,103163665.0,1725326806.0
2020-01-10,1988.47,1990.84,1956.49,1976.63,58554845.0,975154819.0
2020-01-13,1983.73,2016.89,1967.15,2012.15,87213336.0,1468271684.0
2020-01-14,2012.15,2045.32,1984.92,1984.92,130449366.0,2217608853.0
2020-01-15,1988.47,1996.76,1948.2,1956.49,85943912.0,1424889228.0
2020-01-16,1956.49,1962.41,1918.59,1933.99,102810467.0,1678888508.0
2020-01-17,1939.91,1960.04,1936.36,1941.1,60543669.0,995909007.0
2020-01-20,1945.83,1967.15,1936.36,1948.2,74607475.0,1226464650.0
2020-01-21,1935.17,1935.17,1886.62,1894.91,89660310.0,1442171432.0
2020-01-22,1885.43,1913.86,1860.56,1905.57,71946491.0,1150933399.0
2020-01-23,1885.43,1885.43,1822.66,1840.43,110059207.0,1723394337.0
2020-02-03,1656.86,1740.95,1656.86,1656.86,225919483.0,3201454165.0
2020-02-04,1663.97,1736.21,1660.41,1729.1,170617207.0,2442932843.0
2020-02-05,1727.92,1763.45,1695.94,1732.66,149138021.0,2177632044.0
2020-02-06,1753.97,1761.08,1718.44,1749.24,118581572.0,1740107625.0
2020-02-07,1729.1,1739.76,1706.6,1731.47,92485296.0,1345053256.0
2020-02-10,1718.44,1720.81,1693.57,1717.26,133949524.0,1931983482.0
2020-02-11,1729.1,1769.37,1724.37,1751.61,140750744.0,2077194139.0
2020-02-12,1751.61,1755.16,1729.1,1749.24,107050321.0,1573229043.0
2020-02-13,1742.13,1762.26,1730.29,1735.02,101320528.0,1491327714.0
2020-02-14,1746.87,1793.06,1740.95,1780.03,151243473.0,2253906452.0
2020-02-17,1781.21,1820.3,1768.19,1820.3,154369601.0,2337993586.0
2020-02-18,1815.56,1815.56,1777.66,1800.16,97361235.0,1478274223.0
2020-02-19,1788.32,1820.3,1785.95,1804.9,87410693.0,1333730219.0
2020-02-20,1808.45,1849.9,1788.32,1846.35,123544434.0,1897923029.0
2020-02-21,1834.51,1861.75,1829.77,1845.17,99507102.0,1546692930.0
2020-02-24,1830.95,1830.95,1794.24,1803.71,119179450.0,1820183855.0
2020-02-25,1776.48,1791.87,1750.42,1781.21,114457502.0,1710369786.0
2020-02-26,1749.24,1808.45,1740.95,1775.29,117659915.0,1769612245.0
2020-02-27,1771.74,1794.24,1763.45,1789.5,97527090.0,1464605739.0
2020-02-28,1758.71,1781.21,1712.52,1717.26,130064445.0,1906892413.0
2020-03-02,1723.18,1770.55,1712.52,1751.61,111658066.0,1647432270.0
2020-03-03,1771.74,1775.29,1732.66,1743.31,115358432.0,1705816272.0
2020-03-04,1738.58,1750.42,1718.44,1739.76,86259523.0,1261123064.0
2020-03-05,1752.79,1852.27,1744.5,1822.66,268660234.0,4089493523.0
2020-03-06,1797.79,1808.45,1778.84,1780.03,122853103.0,1858691259.0
2020-03-09,1742.13,1744.5,1707.79,1711.34,166579354.0,2420392131.0
2020-03-10,1703.05,1758.71,1703.05,1748.05,116786497.0,1709084565.0
2020-03-11,1749.24,1762.26,1731.47,1739.76,81438164.0,1201250682.0
2020-03-12,1735.02,1757.53,1720.81,1738.58,98649711.0,1447436642.0
2020-03-13,1646.2,1726.73,1646.2,1719.63,116976580.0,1669009835.0
2020-03-16,1711.34,1712.52,1628.44,1628.44,140620218.0,1975824191.0
2020-03-17,1628.44,1654.49,1555.01,1588.17,117784906.0,1582506075.0
2020-03-18,1588.17,1604.75,1498.16,1505.27,138478437.0,1816836894.0
2020-03-19,1501.71,1508.82,1410.52,1448.42,189145713.0,2313863663.0
2020-03-20,1468.55,1501.71,1451.97,1482.77,157835296.0,1967487818.0
2020-03-23,1421.18,1462.63,1412.89,1438.95,107111364.0,1300469494.0
2020-03-24,1468.55,1501.71,1453.16,1493.42,118020026.0,1472909400.0
2020-03-25,1525.4,1547.9,1504.08,1524.22,113695774.0,1467534956.0
2020-03-26,1513.56,1579.88,1506.45,1546.72,107519243.0,1408651057.0
2020-03-27,1569.22,1584.62,1549.09,1557.38,65301888.0,861618663.0
2020-03-30,1521.85,1544.35,1511.19,1532.51,66173879.0,852956240.0
2020-03-31,1545.53,1550.27,1513.56,1515.93,51337030.0,662915471.0
2020-04-01,1523.03,1555.01,1518.29,1526.58,52083604.0,676070118.0
2020-04-02,1510.0,1536.06,1499.35,1536.06,51836504.0,663197628.0
2020-04-03,1518.29,1526.58,1486.32,1493.42,82534814.0,1047282400.0
2020-04-07,1526.58,1532.51,1517.11,1525.4,87031371.0,1121200115.0
2020-04-08,1525.4,1530.14,1506.45,1513.56,52871614.0,676604872.0
2020-04-09,1525.4,1526.58,1506.45,1508.82,40855377.0,522027888.0
2020-04-10,1511.19,1537.24,1498.16,1514.74,66667495.0,853689950.0
2020-04-13,1500.53,1505.27,1476.84,1491.06,44621440.0,562008050.0
2020-04-14,1498.16,1523.03,1488.69,1523.03,68608687.0,874856562.0
2020-04-15,1523.03,1531.32,1513.56,1524.22,65639640.0,843649273.0
2020-04-16,1514.74,1514.74,1485.13,1501.71,78915498.0,997623816.0
2020-04-17,1512.37,1544.35,1498.16,1526.58,133116477.0,1713215767.0
2020-04-20,1523.03,1545.53,1512.37,1538.43,81845583.0,1058524019.0
2020-04-21,1575.14,1622.51,1575.14,1592.91,212244834.0,2861879086.0
2020-04-22,1583.43,1589.35,1558.56,1566.85,103280274.0,1368222855.0
2020-04-23,1566.85,1576.33,1552.64,1566.85,64698963.0,855052110.0
2020-04-24,1559.75,1572.77,1552.64,1568.04,56600161.0,747473770.0
2020-04-27,1575.14,1615.41,1569.22,1598.83,93682990.0,1263809737.0
2020-04-28,1592.91,1605.93,1571.59,1601.2,77156417.0,1038718080.0
2020-04-29,1596.46,1669.89,1592.91,1660.41,110872239.0,1541638203.0
2020-04-30,1660.41,1695.94,1643.83,1649.75,81954043.0,1155968238.0
2020-05-06,1629.62,1645.02,1611.86,1630.8,100899802.0,1382727482.0
2020-05-07,1629.62,1629.62,1610.67,1621.33,66274923.0,904349532.0
2020-05-08,1629.62,1660.41,1620.15,1652.12,93478170.0,1297924588.0
2020-05-11,1648.57,1673.44,1646.2,1658.04,61286229.0,859156594.0
2020-05-12,1652.12,1663.97,1624.88,1633.17,55851114.0,772109502.0
2020-05-13,1628.44,1631.99,1602.38,1614.22,64035879.0,871062044.0
2020-05-14,1604.75,1609.49,1565.67,1575.14,94467209.0,1259440848.0
2020-05-15,1585.8,1590.54,1556.19,1566.85,75679447.0,1004313268.0
2020-05-18,1563.3,1579.88,1553.82,1563.3,63720857.0,843479670.0
2020-05-19,1588.17,1592.91,1571.59,1582.25,60036864.0,801755671.0
2020-05-20,1584.62,1613.04,1571.59,1600.01,69085107.0,929928886.0
2020-05-21,1601.2,1607.12,1582.25,1586.98,55231200.0,742797057.0
2020-05-22,1578.69,1579.88,1530.14,1530.14,85623733.0,1119433491.0
2020-05-25,1536.06,1537.24,1511.19,1534.87,41017078.0,528769353.0
2020-05-26,1541.98,1547.9,1532.51,1544.35,39621240.0,515451849.0
2020-05-27,1545.53,1562.11,1534.87,1539.61,48296294.0,630305864.0
2020-05-28,1550.21,1587.55,1542.98,1574.3,96076031.0,1255226999.0
2020-05-29,1567.08,1570.69,1556.23,1565.87,45780822.0,594502124.0
2020-06-01,1577.92,1612.85,1575.51,1604.42,88296055.0,1173619007.0
2020-06-02,1600.8,1641.76,1599.6,1632.12,88345888.0,1194375822.0
2020-06-03,1642.96,1671.87,1626.1,1630.91,95680308.0,1308782295.0
2020-06-04,1629.71,1642.96,1615.26,1634.53,58306633.0,788707630.0
2020-06-05,1638.14,1640.55,1617.66,1636.94,38302690.0,517232136.0
2020-06-08,1647.78,1668.25,1635.73,1640.55,58597190.0,802115792.0
2020-06-09,1642.96,1653.8,1629.71,1646.57,47430007.0,646895835.0
2020-06-10,1651.39,1651.39,1614.05,1624.89,58047620.0,781995749.0
2020-06-11,1611.64,1612.85,1565.87,1575.51,134903982.0,1774199979.0
2020-06-12,1553.83,1568.28,1550.21,1564.67,103055057.0,1331618729.0
2020-06-15,1547.8,1562.26,1541.78,1544.19,66031307.0,850767506.0
2020-06-16,1553.83,1564.67,1549.01,1552.62,71805910.0,927043688.0
2020-06-17,1552.62,1556.23,1536.96,1547.8,71646824.0,918251153.0
2020-06-18,1536.96,1541.78,1516.49,1536.96,111964780.0,1419972017.0
2020-06-19,1533.35,1546.6,1518.89,1541.78,153952178.0,1954584920.0
2020-06-22,1534.55,1536.96,1520.1,1522.51,131907979.0,1671023279.0
2020-06-23,1523.71,1528.53,1508.05,1517.69,99080673.0,1248046647.0
2020-06-24,1522.51,1551.42,1517.69,1541.78,152322048.0,1946329095.0
2020-06-29,1556.23,1562.26,1530.94,1541.78,103848006.0,1330678289.0
2020-06-30,1545.39,1551.42,1532.14,1541.78,93794022.0,1199181601.0
2020-07-01,1540.58,1583.94,1534.55,1580.32,169739001.0,2202800844.0
2020-07-02,1575.51,1624.89,1562.26,1617.66,259050119.0,3433511084.0
2020-07-03,1634.53,1724.87,1633.32,1716.44,376833363.0,5280918011.0
2020-07-06,1758.59,1888.68,1757.39,1888.68,471146078.0,7168653356.0
2020-07-07,1963.36,2003.11,1810.39,1864.59,396442747.0,6267919683.0
2020-07-08,1834.48,1927.23,1834.48,1898.32,263133916.0,4095447757.0
2020-07-09,1886.27,1886.27,1844.11,1870.61,224399440.0,3469517330.0
2020-07-10,1848.93,1864.59,1777.87,1789.91,215877326.0,3254272378.0
2020-07-13,1770.64,1816.41,1746.55,1793.52,193716012.0,2871414845.0
2020-07-14,1794.73,1829.66,1752.57,1768.23,195356627.0,2891773817.0
2020-07-15,1780.27,1789.91,1714.03,1718.84,204256283.0,2947173150.0
2020-07-16,1722.46,1752.57,1700.78,1704.39,193089129.0,2771496391.0
2020-07-17,1706.8,1720.05,1680.3,1703.19,129134677.0,1821043928.0
2020-07-20,1714.03,1779.07,1698.37,1774.25,197963200.0,2872758056.0
2020-07-21,1768.23,1768.23,1734.5,1745.34,125286569.0,1815570301.0
2020-07-22,1745.34,1764.62,1718.84,1735.71,131295159.0,1895447229.0
2020-07-23,1715.23,1721.25,1663.44,1687.53,202752587.0,2838535211.0
2020-07-24,1682.71,1685.12,1616.46,1626.1,183088183.0,2504647111.0
2020-07-27,1646.57,1647.78,1577.92,1594.78,188065335.0,2497551472.0
2020-07-28,1606.82,1617.66,1587.55,1606.82,121700599.0,1618089559.0
2020-07-29,1608.03,1641.76,1591.17,1630.91,151958025.0,2043847473.0
2020-07-30,1626.1,1627.3,1610.44,1610.44,96406763.0,1294444933.0
2020-07-31,1599.6,1629.71,1595.98,1606.82,116582191.0,1559068292.0
2020-08-03,1622.48,1640.55,1617.66,1636.94,144509616.0,1954607257.0
2020-08-04,1645.37,1704.39,1623.69,1691.14,244566325.0,3388510059.0
2020-08-05,1664.64,1668.25,1640.55,1657.41,144020313.0,1980352978.0
2020-08-06,1664.64,1681.5,1644.16,1674.28,135251068.0,1868047342.0
2020-08-07,1662.23,1674.28,1640.55,1650.19,98867837.0,1356305781.0
2020-08-10,1646.57,1688.73,1640.55,1680.3,158771035.0,2208568316.0
2020-08-11,1682.71,1765.82,1682.71,1701.98,260330789.0,3748036828.0
2020-08-12,1711.62,1746.55,1704.39,1732.09,159681170.0,2287731088.0
2020-08-13,1734.5,1741.73,1703.19,1708.0,83726175.0,1190139725.0
2020-08-14,1698.37,1747.75,1693.55,1742.93,110321582.0,1578543607.0
2020-08-17,1758.59,1848.93,1752.57,1829.66,326802780.0,4923669137.0
2020-08-18,1830.86,1842.91,1795.93,1824.84,135026107.0,2033477708.0
2020-08-19,1820.02,1848.93,1801.96,1818.82,142092811.0,2154215097.0
2020-08-20,1807.98,1823.64,1750.16,1757.39,133380162.0,1962605014.0
2020-08-21,1771.84,1771.84,1724.87,1740.53,123451733.0,1787278581.0
2020-08-24,1746.55,1771.84,1735.71,1741.73,91944886.0,1338031969.0
2020-08-25,1753.78,1769.43,1741.73,1758.59,74832022.0,1090756854.0
2020-08-26,1758.59,1759.8,1720.05,1730.89,73411772.0,1057274170.0
2020-08-27,1734.5,1741.73,1699.57,1741.73,62666677.0,895618649.0
2020-08-28,1717.64,1828.46,1717.64,1822.43,241040002.0,3599035695.0
2020-08-31,1842.91,1888.68,1805.57,1816.41,179712954.0,2760350322.0
2020-09-01,1801.96,1834.48,1792.32,1823.64,81364258.0,1228342742.0
2020-09-02,1807.98,1870.61,1807.98,1845.32,167938297.0,2575966638.0
2020-09-03,1845.32,1846.52,1787.5,1794.73,127984159.0,1919266726.0
2020-09-04,1774.25,1814.0,1758.59,1801.96,90988999.0,1353550808.0
2020-09-07,1792.32,1835.68,1786.3,1799.55,103137681.0,1551971381.0
2020-09-08,1806.77,1858.57,1806.77,1858.57,140760166.0,2154220778.0
2020-09-09,1838.09,1874.23,1822.43,1832.07,101357247.0,1554005575.0
2020-09-10,1845.32,1864.59,1830.86,1847.73,95709239.0,1469402768.0
2020-09-11,1828.46,1842.91,1785.09,1807.98,95423625.0,1431844020.0
2020-09-14,1807.98,1842.91,1797.14,1842.91,68025105.0,1027508109.0
2020-09-15,1830.86,1864.59,1824.84,1848.93,65713267.0,1007999044.0
2020-09-16,1845.32,1871.82,1832.07,1859.77,72241475.0,1114667832.0
2020-09-17,1871.82,1893.5,1854.95,1875.43,98821563.0,1543414502.0
2020-09-18,1881.45,1938.07,1869.41,1935.66,137319330.0,2186759088.0
2020-09-21,1927.23,1933.25,1892.29,1910.36,89616165.0,1418370974.0
2020-09-22,1887.48,1907.95,1853.75,1875.43,86775631.0,1354536273.0
2020-09-23,1877.84,1906.75,1868.2,1882.66,59920047.0,939763266.0
2020-09-24,1877.84,1880.25,1821.23,1821.23,106101124.0,1623376201.0
2020-09-25,1830.86,1844.11,1820.02,1829.66,61408700.0,933035044.0
2020-09-28,1829.66,1851.34,1804.36,1844.11,61271111.0,932800766.0
2020-09-29,1853.75,1856.16,1777.87,1782.68,118237440.0,1766848545.0
2020-09-30,1782.68,1839.3,1782.68,1827.25,121706482.0,1838547595.0
2020-10-09,1842.91,1873.02,1822.43,1828.46,90042593.0,1376995907.0
2020-10-12,1833.27,1933.25,1832.07,1915.18,159134715.0,2509002885.0
2020-10-13,1915.18,1940.48,1899.52,1934.45,90881948.0,1453986338.0
2020-10-14,1932.04,1941.68,1903.14,1930.84,66256236.0,1057937816.0
2020-10-15,1951.32,2038.04,1945.29,1994.68,160006232.0,2654379586.0
2020-10-16,1994.68,2092.24,1992.27,2059.72,209561419.0,3589229559.0
2020-10-19,2083.81,2180.17,2083.81,2105.49,201610552.0,3571336006.0
2020-10-20,2105.49,2119.95,2077.79,2112.72,96007195.0,1673173356.0
2020-10-21,2124.77,2168.13,2087.43,2157.29,124456018.0,2204040365.0
2020-10-22,2160.9,2228.35,2083.81,2115.13,189051905.0,3342069011.0
2020-10-23,2111.52,2262.08,2111.52,2183.79,169850168.0,3105623948.0
2020-10-26,2192.22,2203.06,2101.88,2131.99,117559865.0,2085800599.0
2020-10-27,2168.13,2168.13,2107.9,2139.22,103486504.0,1839243225.0
2020-10-28,2139.22,2156.08,2082.61,2123.56,120582386.0,2125604542.0
2020-10-29,2112.72,2159.7,2089.84,2140.42,84660362.0,1498040948.0
2020-10-30,2136.81,2211.49,2119.95,2138.02,100780383.0,1813064343.0
2020-11-02,2125.97,2174.15,2087.43,2123.56,96845277.0,1702741438.0
2020-11-03,2133.2,2209.08,2131.99,2163.31,95786863.0,1727488482.0
2020-11-04,2210.29,2225.95,2163.31,2206.67,124763640.0,2275824963.0
2020-11-05,2212.7,2228.35,2112.72,2131.99,142946944.0,2558562453.0
2020-11-06,2133.2,2138.02,2074.18,2124.77,84878153.0,1486492208.0
2020-11-09,2128.38,2168.13,2112.72,2148.86,95142432.0,1688807402.0
2020-11-10,2168.13,2228.35,2159.7,2181.38,102106281.0,1854142809.0
2020-11-11,2192.22,2204.26,2119.95,2145.24,94013007.0,1677811479.0
2020-11-12,2145.24,2160.9,2101.88,2127.18,67725848.0,1197284181.0
2020-11-13,2098.27,2104.29,2010.34,2069.36,128918923.0,2191492021.0
2020-11-16,2057.31,2099.47,2035.63,2092.24,75985693.0,1308190460.0
2020-11-17,2093.45,2159.7,2077.79,2147.65,85293051.0,1509511578.0
2020-11-18,2141.63,2228.35,2138.02,2223.54,137340072.0,2508632642.0
2020-11-19,2239.2,2286.17,2204.26,2270.51,121174062.0,2270476475.0
2020-11-20,2268.1,2287.38,2230.76,2271.72,67391922.0,1265262916.0
2020-11-23,2270.51,2363.26,2264.49,2363.26,116585826.0,2252290578.0
2020-11-24,2363.26,2370.49,2309.06,2331.94,67854323.0,1313496137.0
2020-11-25,2346.4,2372.9,2294.6,2295.81,55258501.0,1068352014.0
2020-11-26,2294.6,2362.06,2292.19,2348.81,63965789.0,1240074378.0
2020-11-27,2409.03,2409.03,2334.35,2372.9,75377374.0,1479430636.0
2020-11-30,2396.99,2515.03,2359.65,2377.71,158144128.0,3213680470.0
2020-12-01,2372.9,2470.46,2336.76,2415.05,126371975.0,2516010782.0
2020-12-02,2400.6,2416.26,2351.22,2364.46,88938529.0,1758639188.0
2020-12-03,2382.53,2392.17,2309.06,2353.62,71445230.0,1393085021.0
2020-12-04,2345.19,2345.19,2284.97,2324.72,89134784.0,1707639065.0
2020-12-07,2325.92,2335.56,2250.04,2277.74,87380661.0,1655173465.0
2020-12-08,2278.94,2292.19,2231.97,2253.65,71964751.0,1345951734.0
2020-12-09,2263.29,2294.6,2250.04,2253.65,67722115.0,1277484441.0
2020-12-10,2256.06,2274.13,2222.33,2246.42,60786655.0,1130916254.0
2020-12-11,2253.65,2264.49,2194.63,2230.76,88779387.0,1642392314.0
2020-12-14,2240.4,2295.81,2228.35,2274.13,83599174.0,1575396008.0
2020-12-15,2264.49,2270.51,2186.2,2257.26,78885794.0,1458268621.0
2020-12-16,2264.49,2300.63,2237.99,2289.78,68907042.0,1302133815.0
2020-12-17,2277.74,2297.01,2240.4,2282.56,68614069.0,1294658299.0
2020-12-18,2288.58,2300.63,2195.83,2211.49,105875636.0,1959764075.0
2020-12-21,2204.26,2245.22,2171.74,2201.86,90687811.0,1662649810.0
2020-12-22,2211.49,2246.42,2153.67,2156.08,102873751.0,1873638734.0
2020-12-23,2163.31,2176.56,2142.83,2168.13,75008273.0,1345650736.0
2020-12-24,2186.2,2227.15,2174.15,2199.45,63295012.0,1155767284.0
2020-12-25,2199.45,2199.45,2144.04,2172.95,57707733.0,1038128197.0
2020-12-28,2170.54,2271.72,2163.31,2270.51,127033706.0,2352947322.0
2020-12-29,2272.92,2324.72,2252.44,2309.06,96309223.0,1837947238.0
2020-12-30,2288.58,2312.67,2254.85,2312.67,97849778.0,1854082812.0
2020-12-31,2313.88,2358.44,2290.99,2329.53,92450343.0,1781736286.0
2021-01-04,2300.63,2300.63,2221.13,2240.4,155421643.0,2891682312.0
2021-01-05,2216.31,2225.95,2144.04,2188.61,182135210.0,3284606914.0
2021-01-06,2177.76,2356.03,2168.13,2356.03,193494512.0,3648521909.0
2021-01-07,2351.22,2406.62,2316.28,2396.99,158418530.0,3111274625.0
2021-01-08,2396.99,2421.08,2325.92,2390.96,119547322.0,2348316363.0
2021-01-11,2409.03,2486.12,2409.03,2454.8,179045714.0,3652546647.0
2021-01-12,2456.01,2529.48,2430.71,2529.48,128816550.0,2657687441.0
2021-01-13,2529.48,2530.69,2457.21,2493.35,104911973.0,2161849708.0
2021-01-14,2490.94,2516.23,2403.01,2429.51,113015562.0,2306404547.0
2021-01-15,2529.48,2643.91,2507.8,2529.48,248068898.0,5311218075.0
2021-01-18,2553.57,2743.89,2553.57,2734.25,215730178.0,4792909448.0
2021-01-19,2711.37,2751.11,2655.96,2690.89,124208834.0,2790056611.0
2021-01-20,2668.0,2766.77,2664.39,2706.55,128079316.0,2889249850.0
2021-01-21,2710.16,2746.3,2668.0,2677.64,94477860.0,2114252732.0
2021-01-22,2677.64,2677.64,2590.91,2653.55,92443442.0,2025834762.0
2021-01-25,2616.21,2722.21,2581.28,2708.96,102836527.0,2269032821.0
2021-01-26,2686.07,2808.93,2686.07,2694.5,112672055.0,2558575512.0
2021-01-27,2687.28,2827.0,2687.28,2780.02,129415272.0,2976800956.0
2021-01-28,2743.89,2792.07,2704.14,2747.5,85747696.0,1948881147.0
2021-01-29,2747.5,2835.43,2735.46,2781.23,124025841.0,2864101419.0
2021-02-01,2770.39,3010.09,2734.25,2957.09,147523930.0,3529556987.0
2021-02-02,2816.16,2902.88,2759.55,2804.11,241616877.0,5679179942.0
2021-02-03,2828.2,3032.97,2816.16,3005.27,192327159.0,4690176486.0
2021-02-04,2912.52,3040.2,2895.66,2963.11,125524750.0,3084553751.0
2021-02-05,2963.11,3048.63,2923.36,3002.86,101557559.0,2517804160.0
2021-02-08,2999.24,2999.24,2902.88,2987.2,108426467.0,2650948251.0
2021-02-09,2985.99,2992.02,2911.31,2960.7,94209355.0,2302978158.0
2021-02-10,2963.11,3006.47,2816.16,2869.16,191886710.0,4569741960.0
2021-02-18,2890.84,2957.09,2828.2,2926.97,150523081.0,3619387652.0
2021-02-19,2886.02,2913.72,2839.04,2872.77,92258314.0,2197558287.0
2021-02-22,2866.75,2866.75,2681.25,2695.71,195684248.0,4445818548.0
2021-02-23,2695.71,2731.84,2628.25,2641.5,187046013.0,4160776611.0
2021-02-24,2682.46,2683.66,2596.94,2669.21,142849985.0,3144209052.0
2021-02-25,2698.12,2717.39,2611.39,2660.78,159340347.0,3524600794.0
2021-02-26,2601.75,2645.12,2554.78,2575.26,112497730.0,2424653753.0
2021-03-01,2594.53,2611.39,2551.16,2583.69,112538653.0,2408050906.0
2021-03-02,2604.16,2668.0,2560.8,2607.78,147342505.0,3196536981.0
2021-03-03,2599.35,2780.02,2584.89,2771.59,191963527.0,4320024431.0
2021-03-04,2742.68,2829.41,2728.23,2760.75,121357937.0,2799747146.0
2021-03-05,2734.25,2767.98,2633.07,2690.89,88017141.0,1960439115.0
2021-03-08,2702.93,2733.05,2587.3,2601.75,99377397.0,2189190958.0
2021-03-09,2611.39,2640.3,2478.89,2511.42,136189533.0,2882931928.0
2021-03-10,2510.21,2518.64,2442.76,2457.21,114941657.0,2356185004.0
2021-03-11,2478.89,2575.26,2476.48,2562.01,104865939.0,2213107787.0
2021-03-12,2574.05,2613.8,2553.57,2587.3,69720060.0,1494219076.0
2021-03-15,2577.66,2664.39,2542.73,2601.75,95874870.0,2077984894.0
2021-03-16,2601.75,2663.18,2562.01,2608.98,93968432.0,2038470661.0
2021-03-17,2583.69,2595.73,2517.44,2553.57,82148865.0,1738185857.0
2021-03-18,2565.62,2617.41,2529.48,2617.41,69161019.0,1483801549.0
2021-03-19,2593.32,2607.78,2453.6,2465.64,152562227.0,3159181043.0
2021-03-22,2475.28,2595.73,2472.87,2595.73,145119008.0,3087549484.0
2021-03-23,2598.14,2607.78,2524.67,2557.19,68290338.0,1448043613.0
2021-03-24,2554.78,2563.21,2463.24,2472.87,85008507.0,1757688572.0
2021-03-25,2478.89,2509.01,2457.21,2499.37,49266574.0,1017166049.0
2021-03-26,2510.21,2577.66,2500.58,2546.35,82210806.0,1733412579.0
2021-03-29,2563.21,2607.78,2553.57,2588.5,78566668.0,1684397866.0
2021-03-30,2575.26,2641.5,2554.78,2641.5,73865481.0,1601238499.0
2021-03-31,2622.23,2658.37,2601.75,2651.14,77702807.0,1699922184.0
2021-04-01,2659.57,2663.18,2589.71,2623.44,54444898.0,1183868024.0
2021-04-02,2613.8,2617.41,2572.85,2589.71,58108352.0,1249405387.0
2021-04-06,2595.73,2660.78,2590.91,2611.39,40110282.0,873387017.0
2021-04-07,2635.48,2641.5,2566.82,2606.57,51760459.0,1116774452.0
2021-04-08,2584.89,2617.41,2569.23,2596.94,38302950.0,825170841.0
2021-04-09,2615.0,2616.21,2539.12,2565.62,39896028.0,849870878.0
2021-04-12,2590.91,2590.91,2484.92,2493.35,59474314.0,1240067320.0
2021-04-13,2495.76,2515.03,2480.1,2502.98,49990418.0,1036992693.0
2021-04-14,2504.19,2522.26,2459.62,2489.73,53743849.0,1113001542.0
2021-04-15,2500.58,2501.78,2418.67,2452.39,73586505.0,1494016041.0
2021-04-16,2452.39,2460.83,2386.15,2440.35,72999826.0,1466509057.0
2021-04-19,2412.65,2558.39,2398.19,2547.55,111228262.0,2304021478.0
2021-04-20,2539.12,2643.91,2519.85,2612.6,83477272.0,1798249024.0
2021-04-21,2686.07,2793.27,2684.87,2771.59,159709965.0,3644577541.0
2021-04-22,2793.27,2798.09,2743.89,2767.98,82969388.0,1905208912.0
2021-04-23,2808.93,2848.68,2778.82,2805.32,82323015.0,1920413502.0
2021-04-26,2875.18,2918.54,2758.34,2763.16,87241767.0,2037109597.0
2021-04-27,2764.36,2793.27,2753.52,2763.16,47043140.0,1083043579.0
2021-04-28,2805.32,2824.59,2743.89,2812.54,59383793.0,1375141410.0
2021-04-29,2811.34,2855.91,2783.64,2841.45,61483688.0,1439823965.0
2021-04-30,2812.54,2829.41,2771.59,2805.32,56198132.0,1308177203.0
2021-05-06,2782.43,2854.7,2782.43,2830.61,50029522.0,1174181608.0
2021-05-07,2851.09,2926.97,2817.36,2896.86,80221421.0,1929112374.0
2021-05-10,2890.84,2895.66,2772.8,2873.97,66143890.0,1566860764.0
2021-05-11,2845.07,2860.73,2777.61,2834.23,49722345.0,1161846399.0
2021-05-12,2805.32,2847.48,2755.93,2836.63,53326526.0,1245517717.0
2021-05-13,2833.02,2841.45,2751.11,2778.82,54965250.0,1271946299.0
2021-05-14,2809.17,2844.37,2743.61,2831.02,56378536.0,1300250944.0
2021-05-17,2810.38,2891.72,2786.1,2865.01,52756465.0,1241605192.0
2021-05-18,2895.36,2926.92,2840.73,2901.43,39541498.0,939786732.0
2021-05-19,2891.72,2929.35,2855.3,2865.01,42942033.0,1022553739.0
2021-05-20,2841.95,2894.15,2824.95,2891.72,40578837.0,957478854.0
2021-05-21,2899.0,2924.5,2795.81,2851.66,53933574.0,1263058115.0
2021-05-24,2850.44,2865.01,2815.24,2850.44,34393563.0,806092207.0
2021-05-25,2857.73,3002.19,2846.8,2986.41,97237462.0,2363145903.0
2021-05-26,2991.27,3049.54,2974.27,3036.18,91926378.0,2286540249.0
2021-05-27,3024.04,3054.39,2976.7,3009.48,50409136.0,1246712049.0
2021-05-28,2996.12,2999.76,2932.99,2974.27,49240073.0,1200523316.0
2021-05-31,2953.63,2977.91,2902.64,2937.85,51535081.0,1244209046.0
2021-06-01,2937.85,2943.92,2852.87,2903.86,62501796.0,1490476625.0
2021-06-02,2900.22,2903.86,2838.3,2900.22,49752702.0,1176608127.0
2021-06-03,2879.58,2930.57,2874.72,2885.65,40090085.0,958876472.0
2021-06-04,2912.36,3030.11,2889.29,2979.13,75673942.0,1851425838.0
2021-06-07,2971.84,2971.84,2905.07,2949.99,44791410.0,1081738833.0
2021-06-08,2931.78,2982.77,2907.5,2977.91,57007792.0,1384120301.0
2021-06-09,2965.77,3020.4,2935.42,2992.48,45383150.0,1116771375.0
2021-06-10,2993.69,3042.25,2931.78,2937.85,53021516.0,1294972567.0
2021-06-11,2951.2,2956.06,2806.74,2837.09,83466504.0,1965393116.0
2021-06-15,2834.66,2844.37,2767.89,2818.88,66062259.0,1524503478.0
2021-06-16,2818.88,2840.73,2793.39,2823.74,37820804.0,878470834.0
2021-06-17,2794.6,2875.94,2794.6,2804.31,45328209.0,1059121804.0
2021-06-18,2807.95,2826.16,2718.12,2749.68,69409930.0,1574437730.0
2021-06-21,2743.61,2752.11,2671.99,2690.2,71827274.0,1600119860.0
2021-06-22,2716.9,2803.1,2701.12,2788.53,75775141.0,1720058047.0
2021-06-23,2773.96,2841.95,2758.18,2809.17,44790778.0,1035835696.0
2021-06-24,2795.81,2806.74,2753.32,2801.88,39028349.0,894502109.0
2021-06-25,2801.88,2865.01,2799.46,2835.88,55997295.0,1310287390.0
2021-06-28,2835.88,2839.52,2729.04,2765.46,62625737.0,1425702202.0
2021-06-29,2741.18,2766.68,2670.77,2712.05,104974939.0,2341926371.0
2021-06-30,2714.48,2783.67,2713.26,2746.04,40343546.0,913285187.0
2021-07-01,2769.11,2852.87,2733.9,2816.45,66483330.0,1530548799.0
2021-07-02,2758.18,2760.61,2641.64,2647.71,107067756.0,2360189794.0
2021-07-05,2633.14,2688.98,2560.3,2678.06,85934129.0,1859394324.0
2021-07-06,2680.49,2792.17,2652.56,2765.46,79195726.0,1784792786.0
2021-07-07,2753.32,2798.24,2731.47,2737.54,46894487.0,1063910096.0
2021-07-08,2765.46,2765.46,2573.65,2611.29,145705947.0,3140657440.0
2021-07-09,2585.79,2625.86,2551.8,2582.15,76236474.0,1625461608.0
2021-07-12,2610.07,2610.07,2536.02,2568.8,87790102.0,1859059510.0
2021-07-13,2567.58,2590.65,2493.53,2563.94,65761395.0,1382029130.0
2021-07-14,2549.37,2549.37,2477.75,2520.24,84795055.0,1755810875.0
2021-07-15,2515.38,2636.78,2504.46,2624.64,95600305.0,2040266259.0
2021-07-16,2599.15,2648.92,2585.79,2590.65,57300261.0,1230180813.0
2021-07-19,2593.08,2601.58,2522.67,2574.87,52213595.0,1098434742.0
2021-07-20,2561.51,2573.65,2485.03,2500.81,80403433.0,1665315546.0
2021-07-21,2498.39,2525.09,2452.26,2482.61,75307652.0,1535327562.0
2021-07-22,2482.61,2508.1,2457.11,2474.11,86864809.0,1773999331.0
2021-07-23,2474.11,2474.11,2427.98,2440.12,72740433.0,1461467512.0
2021-07-26,2423.12,2426.76,2237.38,2282.3,145130394.0,2770236696.0
2021-07-27,2290.8,2305.36,2136.62,2156.04,135755148.0,2461708370.0
2021-07-28,2166.97,2193.68,2146.33,2154.83,106299421.0,1898562592.0
2021-07-29,2174.25,2214.31,2158.47,2180.32,87237812.0,1566107824.0
2021-07-30,2175.47,2191.25,2092.92,2147.54,95015588.0,1679747318.0
2021-08-02,2141.47,2202.17,2085.63,2186.39,115992263.0,2056014243.0
2021-08-03,2183.96,2203.39,2143.9,2171.82,89694857.0,1609422575.0
2021-08-04,2190.03,2193.68,2136.62,2162.11,72962008.0,1300164293.0
2021-08-05,2148.76,2191.25,2134.19,2146.33,62157388.0,1104903005.0
2021-08-06,2130.55,2173.04,2118.41,2168.18,56745413.0,1005870949.0
2021-08-09,2174.25,2336.93,2165.75,2313.86,175279800.0,3313803231.0
2021-08-10,2317.5,2425.55,2294.44,2395.2,130198844.0,2535427989.0
2021-08-11,2426.76,2498.39,2391.56,2404.91,104830844.0,2104975145.0
2021-08-12,2402.48,2464.4,2383.06,2414.62,66645800.0,1330388046.0
2021-08-13,2401.27,2418.26,2367.28,2414.62,56288502.0,1110191399.0
2021-08-16,2438.9,2452.26,2375.77,2421.91,62705022.0,1247681171.0
2021-08-17,2409.77,2454.68,2380.63,2387.91,47602194.0,947385521.0
2021-08-18,2387.91,2573.65,2373.35,2503.24,133273216.0,2732213549.0
2021-08-19,2486.25,2503.24,2430.4,2469.25,64997561.0,1315320352.0
2021-08-20,2424.33,2436.47,2270.16,2357.56,161462793.0,3119152555.0
2021-08-23,2367.28,2434.05,2319.93,2343.0,119184935.0,2315871646.0
2021-08-24,2349.07,2424.33,2332.07,2350.28,86895330.0,1690760837.0
2021-08-25,2357.56,2363.63,2300.51,2326.0,69808397.0,1341330419.0
2021-08-26,2330.86,2338.14,2234.95,2241.02,95161900.0,1783725035.0
2021-08-27,2253.16,2292.01,2222.81,2232.52,72882023.0,1354408977.0
2021-08-30,2210.67,2220.38,2130.55,2151.19,125221101.0,2221855859.0
2021-08-31,2151.19,2176.68,2101.41,2160.9,117486786.0,2072006842.0
2021-09-01,2122.05,2175.47,2064.99,2170.61,231689409.0,4046284163.0
2021-09-02,2185.18,2279.87,2160.9,2233.74,242260354.0,4454545280.0
2021-09-03,2245.88,2245.88,2148.76,2190.03,139481871.0,2523273155.0
2021-09-06,2176.68,2258.02,2158.47,2239.81,151522556.0,2780281081.0
2021-09-07,2258.02,2374.56,2227.67,2335.71,162234416.0,3067365669.0
2021-09-08,2335.71,2373.35,2318.72,2334.5,102620105.0,1979771480.0
2021-09-09,2319.93,2324.79,2282.3,2306.58,73950585.0,1399536021.0
2021-09-10,2293.22,2521.45,2287.15,2497.17,231494528.0,4668361828.0
2021-09-13,2471.68,2489.89,2404.91,2453.47,129722802.0,2606152379.0
2021-09-14,2449.83,2460.75,2339.35,2351.49,115817315.0,2272080157.0
2021-09-15,2344.21,2548.16,2329.64,2369.7,84161841.0,1639298361.0
2021-09-16,2343.0,2367.28,2273.8,2316.29,117695356.0,2234474948.0
2021-09-17,2294.44,2306.58,2234.95,2249.52,112487963.0,2098715197.0
2021-09-22,2169.4,2191.25,2114.77,2182.75,147336521.0,2616707243.0
2021-09-23,2197.32,2224.03,2142.69,2146.33,137983759.0,2465683705.0
2021-09-24,2136.62,2146.33,2105.05,2106.27,126569628.0,2209461934.0
2021-09-27,2089.27,2146.33,2071.06,2132.98,114066759.0,1979196739.0
2021-09-28,2120.84,2205.82,2118.41,2181.54,129316747.0,2311265536.0
2021-09-29,2168.18,2238.59,2149.97,2203.39,123012175.0,2225416488.0
2021-09-30,2196.1,2209.46,2149.97,2176.68,79561105.0,1424675917.0
2021-10-08,2205.82,2293.22,2187.61,2262.87,115920062.0,2146983882.0
2021-10-11,2306.58,2396.41,2306.58,2355.14,145533835.0,2829310844.0
2021-10-12,2343.0,2392.77,2330.86,2349.07,103123218.0,2004823968.0
2021-10-13,2343.0,2417.05,2327.21,2376.99,80789668.0,1577612470.0
2021-10-14,2378.2,2418.26,2293.22,2332.07,84298987.0,1623970431.0
2021-10-15,2306.58,2415.84,2306.58,2386.7,99349378.0,1948647237.0
2021-10-18,2361.21,2373.35,2318.72,2341.78,72962250.0,1408737777.0
2021-10-19,2324.79,2389.13,2324.79,2375.77,68241515.0,1330501302.0
2021-10-20,2397.63,2401.27,2329.64,2335.71,66295555.0,1283356219.0
2021-10-21,2369.7,2435.26,2336.93,2427.98,162166101.0,3198266215.0
2021-10-22,2447.4,2499.6,2403.7,2432.83,113496363.0,2287284921.0
2021-10-25,2392.77,2452.26,2367.28,2442.54,73082823.0,1458800090.0
2021-10-26,2435.26,2482.61,2410.98,2434.05,65280684.0,1313475883.0
2021-10-27,2427.98,2448.61,2378.2,2418.26,68760019.0,1365982834.0
2021-10-28,2403.7,2420.69,2351.49,2393.98,61901089.0,1211946109.0
2021-10-29,2383.06,2396.41,2345.42,2367.28,53992976.0,1052760273.0
2021-11-01,2346.64,2395.2,2307.79,2353.92,84149020.0,1626762030.0
2021-11-02,2351.49,2366.06,2183.96,2207.03,199769050.0,3691356324.0
2021-11-03,2197.32,2214.31,2166.97,2188.82,111497204.0,2009325066.0
2021-11-04,2194.89,2197.32,2160.9,2169.4,98341098.0,1760671898.0
2021-11-05,2166.97,2185.18,2132.98,2141.47,109603988.0,1942415605.0
2021-11-08,2139.05,2162.11,2107.48,2114.77,137681482.0,2406417772.0
2021-11-09,2122.05,2142.69,2095.34,2128.12,124057275.0,2163193119.0
2021-11-10,2119.62,2120.84,2083.2,2112.34,122085088.0,2109735147.0
2021-11-11,2106.27,2237.38,2102.63,2227.67,208472900.0,3752413859.0
2021-11-12,2222.81,2261.66,2198.53,2217.96,95754646.0,1753072716.0
2021-11-15,2227.67,2261.66,2209.46,2237.38,65508999.0,1203764096.0
2021-11-16,2228.88,2250.73,2205.82,2211.89,60111048.0,1099113409.0
2021-11-17,2203.39,2221.6,2182.75,2198.53,66464038.0,1203859180.0
2021-11-18,2196.1,2199.75,2152.4,2160.9,79984377.0,1430058312.0
2021-11-19,2160.9,2214.31,2148.76,2203.39,78637156.0,1414506380.0
2021-11-22,2188.82,2215.53,2173.04,2199.75,73861780.0,1337768172.0
2021-11-23,2198.53,2227.67,2146.33,2170.61,123597796.0,2213817591.0
2021-11-24,2157.26,2179.11,2143.9,2169.4,74131084.0,1316774398.0
2021-11-25,2153.61,2159.68,2140.26,2146.33,60353270.0,1068221305.0
2021-11-26,2139.05,2145.12,2126.91,2134.19,69449988.0,1219937313.0
2021-11-29,2113.55,2132.98,2107.48,2125.69,51259471.0,895105982.0
2021-11-30,2129.33,2146.33,2106.27,2117.19,73361606.0,1280384552.0
2021-12-01,2115.98,2157.26,2108.7,2141.47,70692519.0,1243666842.0
2021-12-02,2139.05,2162.11,2108.7,2135.4,99479835.0,1749164558.0
2021-12-03,2141.47,2148.76,2113.55,2142.69,70759974.0,1242375057.0
2021-12-06,2166.97,2253.16,2160.9,2197.32,214562528.0,3896385172.0
2021-12-07,2221.6,2266.52,2203.39,2241.02,161644387.0,2979968977.0
2021-12-08,2239.81,2251.95,2204.6,2242.24,98028118.0,1798691053.0
2021-12-09,2244.66,2313.86,2230.1,2270.16,145588668.0,2726663443.0
2021-12-10,2247.09,2270.16,2217.96,2231.31,98925513.0,1824076523.0
2021-12-13,2242.24,2292.01,2207.03,2217.96,131449027.0,2427803722.0
2021-12-14,2204.6,2205.82,2126.91,2134.19,193720890.0,3434156328.0
2021-12-15,2125.69,2143.9,2112.34,2130.55,129462741.0,2269821045.0
2021-12-16,2130.55,2152.4,2119.62,2151.19,81947951.0,1445483375.0
2021-12-17,2148.76,2154.83,2132.98,2132.98,60236967.0,1062875483.0
2021-12-20,2131.76,2142.69,2118.41,2126.91,74643520.0,1309029269.0
2021-12-21,2123.26,2149.97,2122.05,2135.4,89373404.0,1572895582.0
2021-12-22,2139.05,2141.47,2100.2,2111.12,97692775.0,1701772584.0
2021-12-23,2112.34,2115.98,2089.27,2102.63,105957594.0,1831122716.0
2021-12-24,2103.84,2106.27,2089.27,2101.41,48825149.0,843109665.0
2021-12-27,2103.84,2106.27,2083.2,2090.49,73111899.0,1260455319.0
2021-12-28,2090.49,2103.84,2074.71,2084.42,112663891.0,1934461076.0
2021-12-29,2083.2,2083.2,2027.36,2033.43,146937398.0,2480534593.0
2021-12-30,2034.64,2057.71,2029.79,2041.93,79666360.0,1342374249.0
2021-12-31,2046.78,2051.64,1990.94,2000.65,175076089.0,2899617149.0
2022-01-04,2000.65,2022.5,1964.23,2022.5,116925933.0,1918887051.0
2022-01-05,2012.79,2090.49,2009.15,2081.99,196199817.0,3344124589.0
2022-01-06,2077.13,2096.56,2063.78,2078.35,110788519.0,1896535838.0
2022-01-07,2075.92,2097.77,2071.06,2088.06,112663070.0,1937710958.0
2022-01-10,2098.99,2114.77,2067.42,2086.85,90977401.0,1563414572.0
2022-01-11,2095.34,2129.33,2080.78,2113.55,158199940.0,2752485391.0
2022-01-12,2113.55,2118.41,2051.64,2063.78,150216355.0,2561266412.0
2022-01-13,2052.85,2092.92,2041.93,2061.35,90942265.0,1550319159.0
2022-01-14,2063.78,2066.21,1978.8,1982.44,210309491.0,3459950805.0
2022-01-17,1984.87,2000.65,1956.95,1969.09,114368943.0,1855633790.0
2022-01-18,1972.73,2007.94,1961.8,2005.51,115297431.0,1891094610.0
2022-01-19,2007.94,2026.15,1986.08,2003.08,98839185.0,1630973587.0
2022-01-20,1999.44,2119.62,1993.37,2103.84,303119377.0,5195805550.0
2022-01-21,2118.41,2131.76,2089.27,2106.27,148168295.0,2575115125.0
2022-01-24,2105.05,2109.91,2061.35,2088.06,87477087.0,1501390339.0
2022-01-25,2073.49,2073.49,2040.71,2045.57,109328397.0,1851999025.0
2022-01-26,2057.71,2075.92,2007.94,2021.29,98497522.0,1646384984.0
2022-01-27,2003.08,2007.94,1972.73,1978.8,102464311.0,1677261296.0
2022-01-28,1989.73,1997.01,1920.53,1921.74,167556367.0,2695470331.0
2022-02-07,1944.81,1992.15,1929.03,1989.73,151547630.0,2451798486.0
2022-02-08,1978.8,2060.14,1973.94,2043.14,175469528.0,2950309012.0
2022-02-09,2054.07,2063.78,2028.57,2046.78,105116166.0,1774253637.0
2022-02-10,2035.86,2067.42,2023.72,2062.57,78455735.0,1326848948.0
2022-02-11,2067.42,2105.05,2067.42,2075.92,107813914.0,1852167493.0
2022-02-14,2075.92,2081.99,2004.29,2012.79,115065851.0,1917613419.0
2022-02-15,2003.08,2023.72,1954.52,1976.37,120826437.0,1968985378.0
2022-02-16,1984.87,2006.72,1967.87,1992.15,78239959.0,1282234150.0
2022-02-17,1989.73,2009.15,1981.23,1993.37,79450184.0,1306514350.0
2022-02-18,1981.23,2035.86,1980.01,2035.86,80249940.0,1330233366.0
2022-02-21,2022.5,2023.72,1981.23,2004.29,80099455.0,1316023718.0
2022-02-22,1980.01,1995.8,1961.8,1970.3,89495673.0,1454156225.0
2022-02-23,1978.8,1980.01,1947.24,1965.45,88674244.0,1431289852.0
2022-02-24,1958.16,1960.59,1918.1,1931.45,132408685.0,2112842553.0
2022-02-25,1941.17,1952.09,1926.6,1930.24,72639707.0,1157890268.0
2022-02-28,1930.24,1932.67,1896.25,1912.03,72399045.0,1137154095.0
2022-03-01,1916.89,1936.31,1896.25,1932.67,93504034.0,1474693965.0
2022-03-02,1916.89,1926.6,1901.1,1903.53,76076086.0,1196321949.0
2022-03-03,1909.6,1919.31,1897.46,1907.17,57828505.0,908171588.0
2022-03-04,1896.25,1897.46,1854.97,1861.04,99093566.0,1523793665.0
2022-03-07,1841.62,1841.62,1779.71,1786.99,111315899.0,1655959942.0
2022-03-08,1774.85,1803.99,1729.93,1737.22,100303269.0,1463145930.0
2022-03-09,1748.14,1754.21,1604.89,1680.16,180076017.0,2492042993.0
2022-03-10,1721.43,1790.63,1710.51,1768.78,224915816.0,3269867788.0
2022-03-11,1748.14,1818.55,1717.79,1808.84,149364697.0,2187480611.0
2022-03-14,1776.06,1812.48,1754.21,1759.07,111840734.0,1637278471.0
2022-03-15,1748.14,1748.14,1651.02,1660.74,178140887.0,2479769555.0
2022-03-16,1682.59,1748.14,1640.1,1737.22,153177906.0,2141637066.0
2022-03-17,1779.71,1785.78,1728.72,1754.21,173006142.0,2506504217.0
2022-03-18,1743.29,1802.77,1716.58,1784.56,152880713.0,2222158762.0
2022-03-21,1760.28,1799.13,1746.93,1771.21,120886805.0,1765673892.0
2022-03-22,1771.21,1847.69,1760.28,1842.83,162865658.0,2443174056.0
2022-03-23,1834.34,1844.05,1808.84,1820.98,105010238.0,1577561342.0
2022-03-24,1811.27,1858.62,1797.92,1845.26,100235995.0,1518870080.0
2022-03-25,1839.19,1851.33,1799.13,1818.55,74293335.0,1116354595.0
2022-03-28,1796.7,1827.05,1776.06,1802.77,72713699.0,1078327303.0
2022-03-29,1806.41,1814.91,1772.42,1782.13,61564315.0,909169631.0
2022-03-30,1803.99,1853.76,1791.85,1846.48,123679155.0,1859617041.0
2022-03-31,1833.12,1890.18,1828.27,1867.11,116374674.0,1789209947.0
2022-04-01,1865.9,1916.89,1845.26,1912.03,148487874.0,2319616863.0
2022-04-06,1898.68,2007.94,1897.46,1989.73,248854005.0,4064051492.0
2022-04-07,1988.51,2022.5,1966.66,1976.37,165906455.0,2724002905.0
2022-04-08,1973.94,1997.01,1958.16,1990.94,106677946.0,1741072072.0
2022-04-11,1984.87,1990.94,1918.1,1948.45,141673536.0,2277469056.0
2022-04-12,1948.45,1973.94,1901.1,1932.67,103926142.0,1654820083.0
2022-04-13,1929.03,1952.09,1908.39,1918.1,89062806.0,1415496126.0
2022-04-14,1942.38,1972.73,1932.67,1947.24,92961494.0,1493343952.0
2022-04-15,1930.24,2006.72,1925.38,1993.37,123176103.0,2014010094.0
2022-04-18,1960.59,1966.66,1919.31,1930.24,108688756.0,1734236524.0
2022-04-19,1930.24,1938.74,1896.25,1919.31,82177249.0,1294226951.0
2022-04-20,1919.31,1948.45,1905.96,1924.17,71655528.0,1137697847.0
2022-04-21,1914.46,1939.95,1905.96,1919.31,70989116.0,1124663651.0
2022-04-22,1898.68,1965.45,1869.54,1949.66,92127408.0,1468452958.0
2022-04-25,1902.32,1931.45,1794.27,1802.77,166448098.0,2527610217.0
2022-04-26,1806.41,1818.55,1754.21,1788.2,98820956.0,1456929632.0
2022-04-27,1818.55,1899.89,1816.13,1899.89,149029503.0,2296798759.0
2022-04-28,1890.18,1933.88,1865.9,1899.89,91177187.0,1426381926.0
2022-04-29,1904.75,1910.82,1817.34,1859.83,164501308.0,2503476828.0
2022-05-05,1845.26,1875.61,1839.19,1859.83,79019620.0,1208735142.0
2022-05-06,1823.41,1845.26,1810.06,1816.13,83243182.0,1250995595.0
2022-05-09,1813.7,1813.7,1755.43,1766.35,81862135.0,1197104247.0
2022-05-10,1760.28,1772.42,1712.94,1771.21,99228502.0,1425836927.0
2022-05-11,1765.14,1801.56,1753.0,1776.06,84857362.0,1240700426.0
2022-05-12,1757.85,1767.57,1739.64,1745.71,68506423.0,987061607.0
2022-05-13,1760.28,1779.71,1759.07,1773.64,67631191.0,985962932.0
2022-05-16,1779.71,1788.2,1742.07,1749.36,66822782.0,965652298.0
2022-05-17,1761.5,1786.99,1738.43,1785.78,93140639.0,1357428407.0
2022-05-18,1802.77,1807.63,1780.92,1790.63,77857833.0,1150500438.0
2022-05-19,1766.35,1784.56,1760.28,1774.85,59092172.0,863214131.0
2022-05-20,1784.56,1825.84,1780.92,1823.41,94859778.0,1415164711.0
2022-05-23,1829.48,1829.48,1791.85,1800.34,64772592.0,962683729.0
2022-05-24,1805.2,1805.2,1748.14,1748.14,93355706.0,1358693535.0
2022-05-25,1751.78,1759.07,1736.0,1746.93,60322826.0,866228924.0
2022-05-26,1749.36,1751.78,1708.08,1722.65,101131756.0,1435689342.0
2022-05-27,1734.79,1742.07,1712.94,1721.43,72306674.0,1029702186.0
2022-05-30,1731.15,1733.57,1704.44,1709.29,89690123.0,1265573048.0
2022-05-31,1708.08,1721.43,1699.58,1719.01,93886855.0,1325012048.0
2022-06-01,1716.58,1716.58,1699.58,1709.29,84529898.0,1187423732.0
2022-06-02,1702.01,1703.22,1685.02,1693.51,97926822.0,1363740798.0
2022-06-06,1688.66,1720.22,1655.88,1720.22,171085175.0,2370807610.0
2022-06-07,1702.01,1729.93,1698.37,1719.01,131511262.0,1860366716.0
2022-06-08,1719.01,1720.22,1700.8,1719.01,114552124.0,1613524958.0
2022-06-09,1716.58,1755.43,1711.72,1742.07,163290134.0,2339986708.0
2022-06-10,1731.15,1739.64,1715.36,1738.43,134601231.0,1914639698.0
2022-06-13,1721.43,1722.65,1685.02,1688.66,154775285.0,2163340109.0
2022-06-14,1664.38,1715.36,1664.38,1714.15,115142939.0,1602169898.0
2022-06-15,1711.72,1834.34,1706.87,1789.42,341354371.0,5010292727.0
2022-06-16,1789.42,1800.34,1750.57,1753.0,133254631.0,1939976255.0
2022-06-17,1738.43,1763.92,1723.86,1754.21,105378794.0,1513925914.0
2022-06-20,1753.0,1753.0,1731.15,1740.86,103216680.0,1479529787.0
2022-06-21,1740.86,1776.06,1727.5,1744.5,132179398.0,1905346057.0
2022-06-22,1743.29,1743.29,1709.29,1709.29,105604592.0,1498415784.0
2022-06-23,1710.51,1727.5,1706.87,1723.86,80602803.0,1140899092.0
2022-06-24,1723.86,1729.93,1712.94,1727.5,86604061.0,1227798687.0
2022-06-27,1728.72,1767.57,1726.29,1759.07,149727818.0,2166380438.0
2022-06-28,1756.64,1780.92,1749.36,1776.06,112511048.0,1638673242.0
2022-06-29,1778.49,1808.84,1766.35,1777.28,126654728.0,1865064678.0
2022-06-30,1776.06,1823.41,1766.35,1818.55,154874501.0,2304888692.0
2022-07-01,1820.98,1829.48,1801.56,1811.27,77924332.0,1164030776.0
2022-07-04,1814.91,1818.55,1790.63,1813.7,83496807.0,1241453402.0
2022-07-05,1819.77,1853.76,1799.13,1810.06,111517210.0,1674719025.0
2022-07-06,1800.34,1812.48,1755.43,1763.92,104333523.0,1520022515.0
2022-07-07,1765.14,1778.49,1745.71,1750.57,73016098.0,1057696547.0
2022-07-08,1760.28,1778.49,1744.5,1765.14,63969823.0,928850349.0
2022-07-11,1760.28,1768.78,1743.29,1755.43,61169194.0,883613754.0
2022-07-12,1749.36,1788.2,1745.71,1750.57,74288242.0,1078431990.0
2022-07-13,1750.57,1756.64,1686.23,1695.94,217599606.0,3056913118.0
2022-07-14,1663.16,1664.38,1613.39,1623.1,263212087.0,3534578702.0
2022-07-15,1636.46,1646.17,1604.89,1607.32,159863740.0,2139915274.0
2022-07-18,1608.53,1631.6,1603.68,1625.53,115350581.0,1536340973.0
2022-07-19,1619.46,1630.39,1612.18,1629.17,75559710.0,1008562417.0
2022-07-20,1630.39,1635.24,1620.67,1625.53,80145866.0,1073936300.0
2022-07-21,1617.03,1619.46,1576.97,1579.4,197038789.0,2588696130.0
2022-07-22,1586.56,1597.69,1559.38,1582.86,137650974.0,1755555714.0
2022-07-25,1581.62,1587.8,1565.56,1584.09,76395581.0,976071707.0
2022-07-26,1575.44,1595.21,1570.5,1595.21,102404881.0,1314310442.0
2022-07-27,1587.8,1591.51,1572.97,1580.39,92391408.0,1182889761.0
2022-07-28,1582.86,1595.21,1579.15,1591.51,75034652.0,964903658.0
2022-07-29,1591.51,1593.98,1563.09,1566.79,83149747.0,1059518585.0
2022-08-01,1564.32,1564.32,1532.2,1534.67,102573271.0,1277987010.0
2022-08-02,1509.96,1524.78,1475.36,1514.9,137300930.0,1664397666.0
2022-08-03,1506.25,1516.13,1484.01,1486.48,74613653.0,905653325.0
2022-08-04,1495.13,1503.78,1485.24,1502.54,60267562.0,729351710.0
2022-08-05,1498.83,1523.55,1480.3,1521.08,76529787.0,930836354.0
2022-08-08,1513.66,1527.25,1502.54,1507.48,55199969.0,674950921.0
2022-08-09,1508.72,1509.96,1492.66,1497.6,55844757.0,677098633.0
2022-08-10,1497.6,1512.43,1485.24,1490.18,68302321.0,825806008.0
2022-08-11,1492.66,1530.96,1487.71,1526.02,139930361.0,1710719478.0
2022-08-12,1514.9,1533.43,1507.48,1529.73,82050356.0,1010612433.0
2022-08-15,1518.6,1527.25,1493.89,1496.36,117201000.0,1425087455.0
2022-08-16,1496.36,1507.48,1495.13,1498.83,63122370.0,765907219.0
2022-08-17,1501.31,1534.67,1491.42,1532.2,134850658.0,1656961619.0
2022-08-18,1542.08,1549.5,1502.54,1513.66,126970094.0,1560630568.0
2022-08-19,1516.13,1575.44,1511.19,1553.2,210641724.0,2653471090.0
2022-08-22,1554.44,1566.79,1533.43,1544.55,113807658.0,1423361879.0
2022-08-23,1538.37,1543.32,1517.37,1524.78,92146307.0,1137300431.0
2022-08-24,1523.55,1549.5,1523.55,1532.2,129537533.0,1613309589.0
2022-08-25,1532.2,1564.32,1519.84,1559.38,106401061.0,1329230362.0
2022-08-26,1566.79,1575.44,1539.61,1558.15,92763426.0,1168951099.0
2022-08-29,1544.55,1551.97,1521.08,1534.67,92449065.0,1145189174.0
2022-08-30,1535.9,1549.5,1517.37,1542.08,79971238.0,991447627.0
2022-08-31,1529.73,1579.15,1527.25,1575.44,165304158.0,2091408315.0
2022-09-01,1563.09,1580.39,1554.44,1558.15,86198195.0,1092666277.0
2022-09-02,1559.38,1568.03,1535.9,1545.79,78636281.0,983433863.0
2022-09-05,1539.61,1556.91,1528.49,1553.2,63203998.0,788451089.0
2022-09-06,1554.44,1564.32,1535.9,1544.55,73129499.0,914692184.0
2022-09-07,1534.67,1534.67,1517.37,1523.55,97981281.0,1208329759.0
2022-09-08,1522.31,1537.14,1519.84,1527.25,62111692.0,768913484.0
2022-09-09,1532.2,1574.21,1527.25,1571.74,195129731.0,2469131334.0
2022-09-13,1591.51,1608.81,1564.32,1600.16,172268989.0,2223707380.0
2022-09-14,1575.44,1590.27,1569.27,1572.97,85803584.0,1095054829.0
2022-09-15,1581.62,1618.69,1577.92,1606.34,184101788.0,2393239453.0
2022-09-16,1596.45,1600.16,1551.97,1551.97,135744781.0,1719252822.0
2022-09-19,1549.5,1565.56,1542.08,1553.2,63212104.0,793491306.0
2022-09-20,1558.15,1560.62,1522.31,1524.78,88998853.0,1102212204.0
2022-09-21,1521.08,1542.08,1507.48,1535.9,68419739.0,845477182.0
2022-09-22,1523.55,1527.25,1513.66,1518.6,58613338.0,720058210.0
2022-09-23,1512.43,1535.9,1511.19,1518.6,58644106.0,722703128.0
2022-09-26,1502.54,1517.37,1481.54,1482.77,90372904.0,1094060839.0
2022-09-27,1482.77,1502.54,1459.29,1501.31,78962229.0,946732994.0
2022-09-28,1493.89,1513.66,1472.89,1496.36,78092558.0,946211767.0
2022-09-29,1513.66,1517.37,1460.53,1465.47,91771804.0,1100405198.0
2022-09-30,1466.71,1477.83,1461.77,1463.0,53723019.0,638906948.0
2022-10-10,1445.7,1454.35,1416.05,1417.28,96608018.0,1119089731.0
2022-10-11,1425.93,1430.87,1409.87,1418.52,41525337.0,476749227.0
2022-10-12,1414.81,1435.82,1402.45,1433.35,55957243.0,641776509.0
2022-10-13,1422.22,1425.93,1397.51,1401.22,85261597.0,970021739.0
2022-10-14,1414.81,1437.05,1408.63,1424.7,109606158.0,1265486550.0
2022-10-17,1411.1,1423.46,1401.22,1418.52,102482271.0,1171523550.0
2022-10-18,1427.17,1438.29,1416.05,1418.52,94683709.0,1091646644.0
2022-10-19,1411.1,1419.75,1393.8,1395.04,92398968.0,1049700767.0
2022-10-20,1387.63,1397.51,1378.98,1383.92,78192323.0,876967151.0
2022-10-21,1385.16,1390.1,1367.86,1370.33,78557429.0,876648491.0
2022-10-24,1370.33,1371.56,1311.02,1312.25,138339065.0,1496043940.0
2022-10-25,1322.14,1335.73,1309.78,1315.96,131697940.0,1406437766.0
2022-10-26,1314.72,1325.84,1311.02,1317.19,114382988.0,1220733278.0
2022-10-27,1322.14,1330.79,1317.19,1319.67,95738346.0,1024868047.0
2022-10-28,1313.49,1322.14,1286.3,1287.54,105794701.0,1114999302.0
2022-10-31,1276.42,1291.25,1262.83,1277.65,98309569.0,1016230012.0
2022-11-01,1282.6,1319.67,1280.13,1318.43,138123413.0,1459758367.0
2022-11-02,1311.02,1319.67,1294.95,1313.49,130298818.0,1377816220.0
2022-11-03,1302.37,1306.07,1282.6,1290.01,98353561.0,1028904286.0
2022-11-04,1285.07,1340.67,1283.83,1336.97,177611223.0,1903720944.0
2022-11-07,1335.73,1348.09,1325.84,1344.38,98808204.0,1070554833.0
2022-11-08,1345.61,1349.32,1332.02,1340.67,58322205.0,632835805.0
2022-11-09,1339.44,1369.09,1336.97,1345.61,83210685.0,911153622.0
2022-11-10,1333.26,1346.85,1320.9,1343.14,55202119.0,596916589.0
2022-11-11,1375.27,1440.76,1360.44,1412.34,254507055.0,2878557392.0
2022-11-14,1445.7,1517.37,1445.7,1476.59,387208410.0,4637823414.0
2022-11-15,1465.47,1505.01,1461.77,1484.01,157390134.0,1891249648.0
2022-11-16,1479.06,1488.95,1456.82,1460.53,127869288.0,1519133932.0
2022-11-17,1459.29,1463.0,1430.87,1444.47,109104716.0,1273790881.0
2022-11-18,1450.64,1455.59,1429.64,1432.11,86809329.0,1011078680.0
2022-11-21,1418.52,1420.99,1386.39,1416.05,104773707.0,1189388618.0
2022-11-22,1416.05,1474.12,1413.57,1460.53,149132388.0,1748727407.0
2022-11-23,1455.59,1488.95,1448.17,1460.53,124765653.0,1483352652.0
2022-11-24,1472.89,1481.54,1444.47,1454.35,79671882.0,941002373.0
2022-11-25,1456.82,1511.19,1454.35,1503.78,176072817.0,2130171605.0
2022-11-28,1470.41,1472.89,1444.47,1459.29,133156295.0,1568351120.0
2022-11-29,1502.54,1605.1,1498.83,1605.1,474927650.0,6026006642.0
2022-11-30,1593.98,1648.35,1584.09,1610.04,320962830.0,4206404173.0
2022-12-01,1653.29,1687.89,1614.98,1618.69,200268883.0,2658203027.0
2022-12-02,1623.63,1624.87,1568.03,1593.98,140420278.0,1803658762.0
2022-12-05,1617.46,1676.77,1607.57,1671.82,228762742.0,3057231973.0
2022-12-06,1648.35,1687.89,1637.23,1659.47,125257891.0,1680593516.0
2022-12-07,1647.11,1652.05,1610.04,1624.87,137737690.0,1815667663.0
2022-12-08,1624.87,1670.59,1621.16,1650.82,106572280.0,1422047905.0
2022-12-09,1655.76,1699.01,1649.58,1692.83,161583192.0,2197501649.0
2022-12-12,1678.0,1678.0,1613.75,1619.93,139258428.0,1848277967.0
2022-12-13,1624.87,1650.82,1623.63,1635.99,90228513.0,1194285343.0
2022-12-14,1634.75,1655.76,1616.22,1634.75,97406110.0,1287867945.0
2022-12-15,1623.63,1640.93,1598.92,1618.69,83534926.0,1094434006.0
2022-12-16,1608.81,1655.76,1608.81,1648.35,92425167.0,1225269166.0
2022-12-19,1647.11,1664.41,1600.16,1611.28,103086606.0,1355435567.0
2022-12-20,1602.63,1616.22,1565.56,1576.68,89621223.0,1150630681.0
2022-12-21,1587.8,1605.1,1574.21,1592.74,61458964.0,791782473.0
2022-12-22,1606.34,1624.87,1593.98,1600.16,67239430.0,876159828.0
2022-12-23,1587.8,1613.75,1581.62,1603.86,56442641.0,730705959.0
2022-12-26,1605.1,1611.28,1570.5,1577.92,79711987.0,1021903963.0
2022-12-27,1590.27,1633.52,1590.27,1619.93,88600412.0,1160090119.0
2022-12-28,1626.11,1653.29,1606.34,1623.63,79119198.0,1042402080.0
2022-12-29,1614.98,1622.4,1587.8,1610.04,66689009.0,865144967.0
2022-12-30,1611.28,1640.93,1601.39,1626.11,81803598.0,1074756754.0
2023-01-03,1631.05,1711.36,1612.51,1701.48,219412794.0,2971546989.0
2023-01-04,1694.07,1781.8,1684.18,1769.44,218968253.0,3110729449.0
2023-01-05,1779.33,1821.34,1775.62,1789.21,166542518.0,2417272356.0
2023-01-06,1791.68,1818.87,1789.21,1806.51,119574471.0,1747915169.0
2023-01-09,1822.57,1838.64,1794.15,1828.75,105765911.0,1561368487.0
2023-01-10,1823.81,1839.87,1778.09,1784.27,126942339.0,1851093717.0
2023-01-11,1785.5,1826.28,1778.09,1812.69,83056612.0,1217450812.0
2023-01-12,1825.04,1825.04,1795.39,1812.69,62569484.0,914367700.0
2023-01-13,1812.69,1847.29,1797.86,1847.29,94908583.0,1407181074.0
2023-01-16,1847.29,1888.06,1834.93,1863.35,156003989.0,2356399993.0
2023-01-17,1869.53,1875.71,1825.04,1849.76,93583454.0,1396151515.0
2023-01-18,1847.29,1875.71,1842.34,1867.06,71843403.0,1083362998.0
2023-01-19,1869.53,1884.35,1837.4,1864.58,64187520.0,963744633.0
2023-01-20,1873.23,1883.12,1853.46,1869.53,60859008.0,920144806.0
2023-01-30,1927.6,1944.9,1839.87,1872.0,137431750.0,2096867649.0
2023-01-31,1883.12,1916.48,1848.52,1852.23,103049784.0,1568639326.0
2023-02-01,1857.17,1863.35,1792.92,1816.39,165342148.0,2426471973.0
2023-02-02,1821.34,1826.28,1763.26,1804.04,157790039.0,2280744883.0
2023-02-03,1785.5,1797.86,1749.67,1769.44,124638298.0,1782105891.0
2023-02-06,1742.26,1745.96,1712.6,1729.9,131761010.0,1838428709.0
2023-02-07,1737.31,1769.44,1733.61,1755.85,86946046.0,1235297763.0
2023-02-08,1759.55,1769.44,1733.61,1734.84,65789257.0,928708934.0
2023-02-09,1731.14,1766.97,1724.96,1745.96,83035002.0,1174361963.0
2023-02-10,1742.26,1744.73,1712.6,1727.43,84728366.0,1184283386.0
2023-02-13,1722.49,1722.49,1680.47,1707.66,180005416.0,2473405203.0
2023-02-14,1711.36,1727.43,1705.19,1724.96,90993709.0,1263892078.0
2023-02-15,1723.72,1724.96,1682.95,1689.12,125024398.0,1713566673.0
2023-02-16,1690.36,1718.78,1668.12,1680.47,127912329.0,1757431084.0
2023-02-17,1684.18,1695.3,1659.47,1659.47,91836369.0,1246777397.0
2023-02-20,1668.12,1748.43,1666.88,1748.43,211619117.0,2945969773.0
2023-02-21,1737.31,1754.61,1720.01,1742.26,99049499.0,1393153377.0
2023-02-22,1729.9,1744.73,1722.49,1732.37,63892239.0,895742534.0
2023-02-23,1729.9,1769.44,1727.43,1736.08,82449068.0,1165539851.0
2023-02-24,1732.37,1733.61,1705.19,1712.6,72998904.0,1012652972.0
2023-02-27,1699.01,1715.07,1690.36,1691.59,62146193.0,854854041.0
2023-02-28,1699.01,1711.36,1681.71,1702.72,60793592.0,833316018.0
2023-03-01,1705.19,1753.38,1697.77,1750.91,122345178.0,1719710647.0
2023-03-02,1745.96,1784.27,1737.31,1759.55,101587684.0,1447565980.0
2023-03-03,1773.15,1775.62,1747.2,1765.73,69095439.0,985552121.0
2023-03-06,1766.97,1766.97,1695.3,1711.36,145582414.0,2023954547.0
2023-03-07,1711.36,1742.26,1686.65,1691.59,127926629.0,1773654737.0
2023-03-08,1684.18,1685.42,1655.76,1671.82,109689791.0,1479838980.0
2023-03-09,1673.06,1678.0,1622.4,1631.05,173606476.0,2305765842.0
2023-03-10,1606.34,1639.7,1606.34,1623.63,85699610.0,1128558360.0
2023-03-13,1621.16,1642.17,1606.34,1612.51,100063496.0,1309490079.0
2023-03-14,1605.1,1606.34,1572.97,1590.27,114907558.0,1474124199.0
2023-03-15,1612.51,1628.58,1598.92,1612.51,97936372.0,1278262225.0
2023-03-16,1592.74,1610.04,1581.62,1584.09,91679249.0,1182054434.0
2023-03-17,1605.1,1611.28,1563.09,1575.44,155681414.0,2000832408.0
2023-03-20,1576.68,1587.8,1550.73,1553.2,118881633.0,1505893659.0
2023-03-21,1563.09,1579.15,1544.55,1569.27,84074317.0,1060914056.0
2023-03-22,1575.44,1591.51,1570.5,1580.39,87669077.0,1121080753.0
2023-03-23,1569.27,1593.98,1560.62,1593.98,80430604.0,1029380497.0
2023-03-24,1587.8,1589.04,1576.68,1584.09,62151875.0,796319542.0
2023-03-27,1581.62,1582.86,1539.61,1556.91,100842214.0,1266945056.0
2023-03-28,1564.32,1572.97,1550.73,1561.85,67386843.0,851797869.0
2023-03-29,1572.97,1574.21,1544.55,1548.26,59606433.0,750687551.0
2023-03-30,1550.73,1570.5,1533.43,1566.79,82454624.0,1035422932.0
2023-03-31,1568.03,1577.92,1545.79,1548.26,86549166.0,1092263437.0
2023-04-03,1550.73,1568.03,1539.61,1565.56,74042886.0,934285179.0
2023-04-04,1561.85,1571.74,1555.67,1563.09,64745722.0,817726527.0
2023-04-06,1556.91,1558.15,1544.55,1554.44,56332130.0,706480660.0
2023-04-07,1553.2,1568.03,1544.55,1559.38,60792526.0,767354797.0
2023-04-10,1561.85,1569.27,1554.44,1566.79,64018181.0,809943148.0
2023-04-11,1569.27,1571.74,1547.02,1549.5,77777962.0,978302908.0
2023-04-12,1554.44,1555.67,1538.37,1542.08,90995706.0,1136997696.0
2023-04-13,1533.43,1565.56,1519.84,1551.97,113159146.0,1413919037.0
2023-04-14,1556.91,1593.98,1554.44,1568.03,129799484.0,1653539531.0
2023-04-17,1564.32,1598.92,1556.91,1597.69,130421259.0,1669357649.0
2023-04-18,1597.69,1631.05,1592.74,1606.34,153893615.0,2009934875.0
2023-04-19,1608.81,1614.98,1585.33,1587.8,101437815.0,1309536002.0
2023-04-20,1593.98,1593.98,1559.38,1575.44,81178841.0,1033330704.0
2023-04-21,1569.27,1585.33,1542.08,1544.55,91866839.0,1160509766.0
2023-04-24,1542.08,1544.55,1486.48,1495.13,146767192.0,1798133967.0
2023-04-25,1500.07,1528.49,1497.6,1517.37,130190082.0,1595320170.0
2023-04-26,1513.66,1513.66,1481.54,1497.6,99126040.0,1197555724.0
2023-04-27,1490.18,1526.02,1482.77,1514.9,100409337.0,1222755932.0
2023-04-28,1514.9,1579.15,1509.96,1550.73,144525434.0,1816868033.0
2023-05-04,1532.2,1585.33,1506.25,1572.97,147826438.0,1863146144.0
2023-05-05,1579.15,1619.93,1575.44,1595.21,176218865.0,2283981032.0
2023-05-08,1598.92,1666.88,1586.56,1645.88,263071861.0,3478891629.0
2023-05-09,1655.76,1680.47,1622.4,1626.11,242253445.0,3238716471.0
2023-05-10,1627.34,1638.46,1581.62,1586.56,123705339.0,1600189994.0
2023-05-11,1600.16,1621.16,1581.62,1587.8,90375844.0,1166479365.0
2023-05-12,1584.09,1590.27,1558.15,1559.38,88560368.0,1124579091.0
2023-05-15,1566.79,1587.8,1538.37,1585.33,92832563.0,1173804243.0
2023-05-16,1581.62,1596.45,1553.2,1559.38,99830169.0,1267712090.0
2023-05-17,1554.44,1561.85,1537.14,1543.32,75462120.0,945315193.0
2023-05-18,1553.2,1561.85,1535.9,1543.32,68718687.0,861347534.0
2023-05-19,1535.9,1537.14,1522.31,1524.78,68841368.0,851165594.0
2023-05-22,1521.08,1538.37,1521.08,1529.73,54932785.0,679754868.0
2023-05-23,1529.73,1533.43,1508.72,1508.72,69436436.0,852871175.0
2023-05-24,1507.48,1508.72,1484.01,1484.01,82425088.0,996600578.0
2023-05-25,1481.54,1482.77,1459.29,1474.12,88274430.0,1050002542.0
2023-05-26,1474.12,1498.83,1463.0,1495.13,51142864.0,613772897.0
2023-05-29,1496.36,1498.83,1476.59,1480.3,56607382.0,680275578.0
2023-05-30,1480.3,1481.54,1458.06,1466.71,76399692.0,906316374.0
2023-05-31,1460.53,1463.0,1430.87,1433.35,117958671.0,1376758357.0
2023-06-01,1433.35,1443.23,1420.99,1432.11,74302293.0,861646489.0
2023-06-02,1443.23,1479.06,1438.29,1474.12,122184253.0,1446502669.0
2023-06-05,1467.94,1482.77,1460.53,1471.65,52184619.0,620531416.0
2023-06-06,1471.65,1493.89,1460.53,1463.0,83327347.0,997039312.0
2023-06-07,1469.18,1491.42,1467.94,1475.36,64369784.0,770386878.0
2023-06-08,1477.83,1507.48,1465.47,1497.6,86939712.0,1048266236.0
2023-06-09,1490.18,1493.89,1464.24,1467.94,131528476.0,1566929274.0
2023-06-12,1460.53,1470.41,1453.12,1456.82,75874703.0,896015709.0
2023-06-13,1453.12,1463.0,1444.47,1454.35,84998805.0,1000183567.0
2023-06-14,1462.58,1485.38,1451.19,1452.45,106920004.0,1237376776.0
2023-06-15,1454.98,1472.71,1442.32,1470.18,92530056.0,1064567231.0
2023-06-16,1470.18,1477.78,1465.11,1472.71,84203365.0,978869317.0
2023-06-19,1472.71,1472.71,1444.85,1449.92,95399707.0,1096351097.0
2023-06-20,1448.65,1451.19,1437.26,1438.52,54455079.0,620374308.0
2023-06-21,1438.52,1453.72,1435.99,1437.26,61658296.0,703681564.0
2023-06-26,1430.92,1430.92,1411.93,1415.73,67657743.0,757975992.0
2023-06-27,1418.26,1433.46,1414.46,1428.39,46170178.0,519520687.0
2023-06-28,1428.39,1434.72,1420.79,1430.92,36539644.0,412039354.0
2023-06-29,1429.66,1429.66,1414.46,1415.73,48590630.0,544534826.0
2023-06-30,1415.73,1432.19,1411.93,1422.06,51905258.0,583494655.0
2023-07-03,1423.33,1460.05,1422.06,1454.98,88509071.0,1009887429.0
2023-07-04,1451.19,1454.98,1433.46,1443.59,61630056.0,701885270.0
2023-07-05,1438.52,1443.59,1430.92,1435.99,42348240.0,479726282.0
2023-07-06,1430.92,1435.99,1419.53,1423.33,59709591.0,672396816.0
2023-07-07,1418.26,1427.13,1415.73,1418.26,48444083.0,543212456.0
2023-07-10,1424.59,1428.39,1414.46,1418.26,49588228.0,556581582.0
2023-07-11,1420.79,1425.86,1417.0,1419.53,57080909.0,640131787.0
2023-07-12,1422.06,1438.52,1420.79,1423.33,73608367.0,830230821.0
2023-07-13,1433.46,1452.45,1427.13,1447.39,112422973.0,1281848379.0
2023-07-14,1447.39,1462.58,1443.59,1451.19,71914699.0,825295738.0
2023-07-17,1444.85,1444.85,1425.86,1432.19,60834258.0,687262894.0
2023-07-18,1429.66,1433.46,1420.79,1424.59,47196618.0,531299773.0
2023-07-19,1422.06,1433.46,1422.06,1432.19,38219596.0,430771279.0
2023-07-20,1434.72,1448.65,1429.66,1433.46,55406957.0,629696111.0
2023-07-21,1432.19,1442.32,1428.39,1435.99,37710256.0,427375950.0
2023-07-24,1434.72,1434.72,1423.33,1425.86,42685218.0,480713396.0
2023-07-25,1449.92,1485.38,1448.65,1484.11,203295819.0,2358815160.0
2023-07-26,1475.25,1486.64,1463.85,1477.78,75166268.0,875260135.0
2023-07-27,1479.04,1503.1,1475.25,1487.91,111519586.0,1314228294.0
2023-07-28,1480.31,1557.56,1477.78,1552.49,234701346.0,2839828237.0
2023-07-31,1557.56,1582.88,1548.69,1560.09,185495239.0,2288940411.0
2023-08-01,1552.49,1566.42,1536.03,1539.83,95773478.0,1169570705.0
2023-08-02,1527.16,1549.96,1510.7,1523.36,111590004.0,1343864165.0
2023-08-03,1518.3,1566.42,1513.23,1561.35,117584771.0,1433255493.0
2023-08-04,1572.75,1586.68,1546.16,1557.56,130313102.0,1611435431.0
2023-08-07,1546.16,1551.22,1534.76,1539.83,64691326.0,786506452.0
2023-08-08,1534.76,1546.16,1519.57,1532.23,72570456.0,877489188.0
2023-08-09,1527.16,1544.89,1525.9,1541.09,57760774.0,702060797.0
2023-08-10,1538.56,1546.16,1527.16,1539.83,47559453.0,577123920.0
2023-08-11,1541.09,1553.76,1505.64,1505.64,94353857.0,1132867239.0
2023-08-14,1489.17,1491.71,1467.65,1477.78,97592018.0,1139185249.0
2023-08-15,1480.31,1494.24,1468.91,1485.38,71281277.0,834163040.0
2023-08-16,1477.78,1500.57,1470.18,1485.38,57290437.0,671706045.0
2023-08-17,1477.78,1481.58,1451.19,1465.11,96505775.0,1116292662.0
2023-08-18,1466.38,1486.64,1460.05,1463.85,65981885.0,767047287.0
2023-08-21,1463.85,1466.38,1433.46,1433.46,70149785.0,799641424.0
2023-08-22,1441.05,1449.92,1432.19,1439.79,60680809.0,689991238.0
2023-08-23,1437.26,1446.12,1423.33,1424.59,69180998.0,783102827.0
2023-08-24,1429.66,1433.46,1399.27,1409.4,129127070.0,1439197084.0
2023-08-25,1405.6,1434.72,1403.07,1422.06,84534992.0,946760251.0
2023-08-28,1499.31,1510.7,1454.98,1458.78,199760987.0,2336205801.0
2023-08-29,1452.45,1454.98,1409.4,1432.19,196496143.0,2217588610.0
2023-08-30,1427.13,1427.13,1409.4,1409.4,137563829.0,1537573551.0
2023-08-31,1410.66,1420.79,1408.13,1409.4,80647403.0,900123575.0
2023-09-01,1417.0,1438.52,1417.0,1433.46,113870483.0,1285169019.0
2023-09-04,1437.26,1467.65,1434.72,1463.85,141002923.0,1621769196.0
2023-09-05,1456.25,1457.52,1438.52,1442.32,80417716.0,917888859.0
2023-09-06,1434.72,1451.19,1430.92,1447.39,63484051.0,721905682.0
2023-09-07,1443.59,1448.65,1433.46,1434.72,54004157.0,613812176.0
2023-09-08,1428.39,1433.46,1422.06,1427.13,47902967.0,539624963.0
2023-09-11,1430.92,1443.59,1427.13,1435.99,65448558.0,741764911.0
2023-09-12,1437.26,1437.26,1424.59,1428.39,49548506.0,559058536.0
2023-09-13,1429.66,1433.46,1419.53,1424.59,49021797.0,551747628.0
2023-09-14,1428.39,1434.72,1424.59,1429.66,55165017.0,622906053.0
2023-09-15,1437.26,1443.59,1418.26,1420.79,89047613.0,1005529161.0
2023-09-18,1420.79,1423.33,1410.66,1422.06,50132501.0,561449770.0
2023-09-19,1420.79,1422.06,1413.2,1419.53,50366432.0,564044044.0
2023-09-20,1418.26,1420.79,1411.93,1411.93,55887241.0,624785495.0
2023-09-21,1410.66,1410.66,1398.0,1399.27,84393011.0,934673194.0
2023-09-22,1396.73,1424.59,1396.73,1423.33,91148430.0,1017137922.0
2023-09-25,1423.33,1433.46,1417.0,1420.79,76121125.0,856022502.0
2023-09-26,1420.79,1425.86,1410.66,1413.2,44498035.0,497885811.0
2023-09-27,1411.93,1420.79,1411.93,1414.46,49031061.0,547905821.0
2023-09-28,1417.0,1423.33,1415.73,1418.26,52069678.0,583649730.0
2023-10-09,1413.2,1414.46,1400.53,1406.86,69582809.0,772959353.0
2023-10-10,1417.0,1418.26,1395.47,1395.47,82074851.0,910160342.0
2023-10-11,1404.33,1404.33,1387.87,1390.4,72411569.0,797663827.0
2023-10-12,1406.86,1413.2,1398.0,1406.86,85305750.0,947562325.0
2023-10-13,1396.73,1401.8,1386.6,1392.94,68448308.0,753110726.0
2023-10-16,1392.94,1396.73,1386.6,1394.2,50162432.0,550988720.0
2023-10-17,1394.2,1399.27,1387.87,1395.47,49352505.0,543170901.0
2023-10-18,1391.67,1395.47,1381.54,1386.6,65182492.0,713979896.0
2023-10-19,1381.54,1382.8,1341.02,1342.28,118896083.0,1271914677.0
2023-10-20,1335.95,1351.15,1330.89,1342.28,52613912.0,557618632.0
2023-10-23,1341.02,1342.28,1320.76,1329.62,53040448.0,557032229.0
2023-10-24,1334.69,1343.55,1322.02,1335.95,76065269.0,801528404.0
2023-10-25,1330.89,1334.69,1311.89,1314.42,141144968.0,1470971924.0
2023-10-26,1305.56,1319.49,1304.29,1318.22,59999147.0,621915277.0
2023-10-27,1314.42,1327.09,1308.09,1323.29,91977136.0,957587534.0
2023-10-30,1316.96,1325.82,1310.63,1323.29,80568955.0,837646002.0
2023-10-31,1320.76,1328.35,1318.22,1324.55,65285523.0,682212138.0
2023-11-01,1335.95,1337.22,1323.29,1327.09,56730035.0,595211885.0
2023-11-02,1329.62,1342.28,1325.82,1327.09,61942995.0,652316670.0
2023-11-03,1328.35,1332.15,1320.76,1327.09,70546347.0,738879704.0
2023-11-06,1330.89,1353.68,1330.89,1353.68,100706221.0,1069206838.0
2023-11-07,1349.88,1349.88,1339.75,1342.28,64086612.0,679815569.0
2023-11-08,1339.75,1342.28,1323.29,1329.62,87781875.0,923622008.0
2023-11-09,1324.55,1332.15,1320.76,1328.35,63913648.0,669639052.0
2023-11-10,1323.29,1325.82,1303.03,1304.29,104504417.0,1080649734.0
2023-11-13,1305.56,1308.09,1294.16,1297.96,77004310.0,789007118.0
2023-11-14,1296.7,1308.09,1295.43,1300.5,59685888.0,613377698.0
2023-11-15,1313.16,1323.29,1309.36,1313.16,110914015.0,1152154780.0
2023-11-16,1314.42,1315.69,1295.43,1296.7,92262194.0,948395097.0
2023-11-17,1294.16,1297.96,1281.5,1285.3,90336217.0,917616681.0
2023-11-20,1285.3,1294.16,1278.97,1290.36,63952831.0,650077370.0
2023-11-21,1295.43,1310.63,1294.16,1301.76,104116573.0,1072311504.0
2023-11-22,1299.23,1305.56,1284.03,1286.57,73748951.0,753064758.0
2023-11-23,1285.3,1286.57,1275.17,1285.3,84665587.0,855904312.0
2023-11-24,1280.23,1282.77,1276.44,1278.97,68469456.0,691423444.0
2023-11-27,1277.7,1277.7,1262.51,1267.57,83618785.0,836268369.0
2023-11-28,1265.04,1268.84,1259.97,1259.97,78617469.0,784405805.0
2023-11-29,1259.97,1262.51,1228.32,1230.85,146759662.0,1438320264.0
2023-11-30,1227.05,1232.11,1218.19,1225.78,90176457.0,871481712.0
2023-12-01,1221.98,1225.78,1213.12,1223.25,77805699.0,749668364.0
2023-12-04,1224.52,1225.78,1216.92,1219.45,60543785.0,583664338.0
2023-12-05,1216.92,1218.19,1199.19,1200.46,78737848.0,750961220.0
2023-12-06,1195.39,1211.85,1190.33,1202.99,75305592.0,714029469.0
2023-12-07,1201.72,1201.72,1187.79,1195.39,58538019.0,552224831.0
2023-12-08,1191.59,1196.66,1177.66,1177.66,102115150.0,957664581.0
2023-12-11,1167.53,1187.79,1156.14,1184.0,113366281.0,1044765735.0
2023-12-12,1178.93,1202.99,1177.66,1192.86,85501642.0,805067628.0
2023-12-13,1187.79,1189.06,1158.67,1159.94,106130165.0,981001231.0
2023-12-14,1166.27,1175.13,1158.67,1158.67,74290056.0,683211466.0
2023-12-15,1165.0,1184.0,1163.73,1166.27,98893942.0,915126127.0
2023-12-18,1162.47,1170.07,1151.07,1156.14,65442562.0,599379044.0
2023-12-19,1154.87,1161.2,1148.54,1152.34,64407088.0,586716664.0
2023-12-20,1153.6,1158.67,1143.47,1143.47,71563363.0,650511343.0
2023-12-21,1140.94,1163.73,1138.41,1161.2,101704676.0,925407073.0
2023-12-22,1163.73,1175.13,1153.6,1165.0,100564502.0,924998769.0
2023-12-25,1162.47,1165.0,1157.4,1163.73,41397088.0,379638234.0
2023-12-26,1163.73,1165.0,1148.54,1152.34,54189633.0,493746623.0
2023-12-27,1152.34,1156.14,1142.21,1154.87,64153435.0,582036661.0
2023-12-28,1153.6,1199.19,1149.8,1196.66,166159184.0,1550256591.0
2023-12-29,1192.86,1200.46,1184.0,1189.06,85385279.0,803196744.0
2024-01-02,1189.06,1192.86,1166.27,1166.27,115836645.0,1075742252.0
2024-01-03,1163.73,1167.53,1158.67,1165.0,73361031.0,673673614.0
2024-01-04,1163.73,1163.73,1149.8,1153.6,86419399.0,787470082.0
2024-01-05,1152.34,1195.39,1148.54,1173.86,199162216.0,1852659692.0
2024-01-08,1168.8,1177.66,1153.6,1158.67,112115619.0,1029006549.0
2024-01-09,1159.94,1163.73,1151.07,1162.47,76619388.0,700375720.0
2024-01-10,1159.94,1163.73,1151.07,1151.07,85862091.0,783771150.0
2024-01-11,1149.8,1167.53,1143.47,1161.2,93468637.0,853890237.0
2024-01-12,1156.14,1173.86,1153.6,1163.73,77258215.0,711018266.0
2024-01-15,1159.94,1176.4,1156.14,1166.27,74513266.0,685950951.0
2024-01-16,1163.73,1184.0,1159.94,1182.73,143831258.0,1334465409.0
2024-01-17,1181.46,1189.06,1168.8,1168.8,148229621.0,1380725065.0
2024-01-18,1166.27,1170.07,1139.67,1165.0,175513247.0,1597853727.0
2024-01-19,1159.94,1165.0,1152.34,1161.2,96398142.0,881865024.0
2024-01-22,1159.94,1172.6,1144.74,1152.34,158031966.0,1449858242.0
2024-01-23,1146.01,1162.47,1134.61,1159.94,113554458.0,1030898421.0
2024-01-24,1168.8,1182.73,1148.54,1181.46,175912316.0,1620099272.0
2024-01-25,1181.46,1208.05,1173.86,1202.99,216251395.0,2037648413.0
2024-01-26,1199.19,1224.52,1195.39,1218.19,227228706.0,2172799799.0
2024-01-29,1227.05,1251.11,1213.12,1228.32,237625184.0,2312173346.0
2024-01-30,1216.92,1228.32,1201.72,1202.99,157912214.0,1515156604.0
2024-01-31,1197.92,1210.59,1187.79,1197.92,135721747.0,1286857397.0
2024-02-01,1191.59,1200.46,1182.73,1191.59,105525987.0,993481907.0
2024-02-02,1192.86,1199.19,1148.54,1173.86,163421431.0,1520605695.0
2024-02-05,1163.73,1194.13,1153.6,1187.79,180359190.0,1674566499.0
2024-02-06,1177.66,1225.78,1176.4,1225.78,199540954.0,1900324218.0
2024-02-07,1218.19,1224.52,1200.46,1216.92,206201497.0,1975435102.0
2024-02-08,1213.12,1224.52,1205.52,1224.52,165681384.0,1593505690.0
2024-02-19,1235.91,1242.25,1221.98,1242.25,160524265.0,1564088445.0
2024-02-20,1239.71,1246.04,1232.11,1243.51,112356398.0,1098987813.0
2024-02-21,1238.45,1367.61,1237.18,1367.61,505528460.0,5295259397.0
2024-02-22,1348.61,1381.54,1344.82,1380.27,492232512.0,5307736374.0
2024-02-23,1377.74,1423.33,1372.67,1373.94,356747950.0,3917316282.0
2024-02-26,1365.08,1377.74,1329.62,1333.42,286260888.0,3048205025.0
2024-02-27,1328.35,1342.28,1324.55,1329.62,198190492.0,2083027074.0
2024-02-28,1330.89,1354.95,1316.96,1328.35,308269265.0,3253340358.0
2024-02-29,1319.49,1341.02,1318.22,1341.02,184534423.0,1936020983.0
2024-03-01,1341.02,1342.28,1320.76,1328.35,182810290.0,1917689307.0
2024-03-04,1323.29,1329.62,1306.83,1308.09,165592954.0,1719562862.0
2024-03-05,1304.29,1325.82,1299.23,1320.76,181731907.0,1889144330.0
2024-03-06,1316.96,1323.29,1308.09,1308.09,134564016.0,1396940060.0
2024-03-07,1308.09,1347.35,1308.09,1314.42,201616589.0,2109589237.0
2024-03-08,1310.63,1322.02,1304.29,1314.42,111397428.0,1154491251.0
2024-03-11,1314.42,1325.82,1309.36,1325.82,121067298.0,1260212020.0
2024-03-12,1327.09,1341.02,1318.22,1337.22,164126237.0,1721999708.0
2024-03-13,1333.42,1335.95,1304.29,1308.09,176803911.0,1834654994.0
2024-03-14,1304.29,1314.42,1291.63,1295.43,140939973.0,1448499698.0
2024-03-15,1335.95,1361.28,1329.62,1342.28,375020789.0,3973799131.0
2024-03-18,1337.22,1343.55,1328.35,1334.69,167139651.0,1761249150.0
2024-03-19,1333.42,1334.69,1315.69,1316.96,129321558.0,1351069630.0
2024-03-20,1314.42,1325.82,1313.16,1323.29,87266316.0,910278573.0
2024-03-21,1323.29,1332.15,1319.49,1325.82,86446625.0,905422294.0
2024-03-22,1323.29,1323.29,1305.56,1311.89,102814174.0,1065535606.0
2024-03-25,1310.63,1328.35,1306.83,1316.96,95320221.0,993304120.0
2024-03-26,1323.29,1349.88,1319.49,1342.28,174002146.0,1835376191.0
2024-03-27,1337.22,1346.08,1330.89,1333.42,127413599.0,1347397150.0
2024-03-28,1330.89,1338.48,1314.42,1328.35,130218892.0,1362980388.0
2024-03-29,1323.29,1338.48,1320.76,1332.15,87275898.0,917332316.0
2024-04-01,1332.15,1348.61,1330.89,1347.35,119108796.0,1261770380.0
2024-04-02,1346.08,1352.41,1333.42,1335.95,108545826.0,1149700800.0
2024-04-03,1333.42,1335.95,1319.49,1324.55,98184585.0,1028648883.0
2024-04-08,1319.49,1328.35,1313.16,1320.76,90636052.0,945290441.0
2024-04-09,1320.76,1325.82,1311.89,1316.96,85715673.0,891468991.0
2024-04-10,1314.42,1318.22,1300.5,1301.76,124639082.0,1288696196.0
2024-04-11,1296.7,1303.03,1281.5,1297.96,101021340.0,1030820137.0
2024-04-12,1294.16,1300.5,1271.37,1273.9,130545371.0,1322011754.0
2024-04-15,1275.17,1306.83,1273.9,1303.03,145320260.0,1486326196.0
2024-04-16,1301.76,1315.69,1294.16,1301.76,147803643.0,1523138499.0
2024-04-17,1299.23,1346.08,1292.9,1344.82,223264057.0,2337576587.0
2024-04-18,1339.75,1396.73,1337.22,1367.61,316591426.0,3427338982.0
2024-04-19,1356.21,1370.14,1349.88,1353.68,145767502.0,1562376147.0
2024-04-22,1347.35,1368.88,1323.29,1329.62,200981837.0,2125722741.0
2024-04-23,1330.89,1348.61,1324.55,1334.69,124002700.0,1308866093.0
2024-04-24,1332.15,1338.48,1324.55,1333.42,94156774.0,989093538.0
2024-04-25,1329.62,1344.82,1327.09,1343.55,111381224.0,1176304525.0
2024-04-26,1341.02,1351.15,1327.09,1342.28,160762751.0,1698581437.0
2024-04-29,1337.22,1380.27,1332.15,1368.88,216917737.0,2337350884.0
2024-04-30,1367.61,1377.74,1358.75,1366.34,132455653.0,1431407709.0
2024-05-06,1387.87,1406.86,1372.67,1379.01,178410057.0,1953817493.0
2024-05-07,1376.47,1379.01,1362.54,1377.74,108705665.0,1176786413.0
2024-05-08,1372.67,1377.74,1356.21,1358.75,122179127.0,1318612000.0
2024-05-09,1356.21,1370.14,1356.21,1362.54,106946063.0,1150726858.0
2024-05-10,1363.81,1387.87,1362.54,1385.34,176783561.0,1923452177.0
2024-05-13,1380.27,1394.2,1368.88,1389.14,140249860.0,1530058920.0
2024-05-14,1392.94,1400.53,1377.74,1381.54,107578391.0,1176577328.0
2024-05-15,1380.27,1382.8,1368.88,1371.41,86829660.0,942907951.0
2024-05-16,1373.94,1419.53,1371.41,1414.46,307629165.0,3410151917.0
2024-05-17,1415.73,1446.12,1409.4,1446.12,284174885.0,3200736554.0
2024-05-20,1447.39,1460.05,1432.19,1441.05,217021030.0,2475290152.0
2024-05-21,1433.46,1471.45,1432.19,1462.58,203004941.0,2336192875.0
2024-05-22,1463.85,1486.64,1451.19,1463.85,211553138.0,2458448970.0
2024-05-23,1460.05,1467.65,1439.79,1443.59,184162290.0,2110799282.0
2024-05-24,1439.79,1454.98,1430.92,1432.19,139827584.0,1593330336.0
2024-05-27,1432.19,1460.05,1432.19,1457.52,145436143.0,1663272118.0
2024-05-28,1456.25,1466.38,1438.52,1443.59,120432285.0,1377107204.0
2024-05-29,1441.05,1449.92,1422.06,1425.86,144481111.0,1635445613.0
2024-05-30,1423.33,1435.99,1400.53,1408.13,132549635.0,1481608711.0
2024-05-31,1410.66,1417.0,1406.86,1406.86,82670676.0,921248146.0
2024-06-03,1408.13,1409.4,1381.54,1390.4,132669675.0,1456086024.0
2024-06-04,1386.6,1399.27,1381.54,1395.47,98100495.0,1079356561.0
2024-06-05,1398.0,1401.8,1376.47,1376.47,101896775.0,1114155999.0
2024-06-06,1380.27,1390.4,1377.74,1380.27,104933153.0,1145989426.0
2024-06-07,1382.8,1394.2,1379.01,1391.67,117012604.0,1281662986.0
2024-06-11,1390.4,1395.47,1366.34,1376.47,133762854.0,1452841957.0
2024-06-12,1373.94,1381.54,1365.08,1377.74,95742635.0,1037927497.0
2024-06-13,1379.01,1384.07,1367.61,1367.61,120350779.0,1304403407.0
2024-06-14,1376.97,1387.82,1355.26,1381.04,163799047.0,1657433955.0
2024-06-17,1374.26,1378.33,1367.47,1370.19,68121702.0,688669914.0
2024-06-18,1371.54,1378.33,1362.05,1367.47,70065308.0,707829472.0
2024-06-19,1370.19,1385.11,1367.47,1376.97,79618418.0,807676192.0
2024-06-20,1378.33,1379.68,1363.4,1363.4,62962757.0,635070262.0
2024-06-21,1363.4,1368.83,1349.84,1356.62,83054528.0,831176895.0
2024-06-24,1352.55,1366.12,1340.34,1353.91,94708154.0,944907466.0
2024-06-25,1355.26,1374.26,1353.91,1367.47,76999281.0,775332072.0
2024-06-26,1364.76,1374.26,1359.33,1367.47,62859871.0,633763882.0
2024-06-27,1364.76,1385.11,1356.62,1374.26,92888197.0,938954398.0
2024-06-28,1370.19,1391.89,1368.83,1376.97,91808992.0,933947813.0
2024-07-01,1368.83,1404.1,1362.05,1404.1,134305149.0,1372549620.0
2024-07-02,1397.32,1421.74,1394.61,1410.89,138438570.0,1440864391.0
2024-07-03,1410.89,1414.96,1395.96,1398.68,71306746.0,737326421.0
2024-07-04,1397.32,1408.17,1390.54,1391.89,73504424.0,757464387.0
2024-07-05,1391.89,1395.96,1345.77,1352.55,171335386.0,1721256576.0
2024-07-08,1348.48,1359.33,1336.27,1347.12,86865962.0,864791776.0
2024-07-09,1348.48,1370.19,1344.41,1366.12,103248530.0,1034316511.0
2024-07-10,1366.12,1383.75,1363.4,1375.61,87386511.0,886626727.0
2024-07-11,1385.11,1387.82,1366.12,1374.26,72139225.0,731789332.0
2024-07-12,1372.9,1398.68,1372.9,1398.68,121416369.0,1246877666.0
2024-07-15,1398.68,1404.1,1391.89,1401.39,86941247.0,896975833.0
2024-07-16,1401.39,1406.82,1389.18,1397.32,94300811.0,971564895.0
2024-07-17,1397.32,1413.6,1394.61,1410.89,122016835.0,1266412580.0
2024-07-18,1408.17,1414.96,1397.32,1412.24,108706102.0,1127365071.0
2024-07-19,1408.17,1413.6,1395.96,1406.82,89872324.0,929722662.0
2024-07-22,1405.46,1408.17,1382.4,1387.82,99448087.0,1018663806.0
2024-07-23,1390.54,1401.39,1378.33,1381.04,102015363.0,1046994471.0
2024-07-24,1381.04,1389.18,1372.9,1374.26,72451757.0,736332832.0
2024-07-25,1372.9,1376.97,1356.62,1368.83,85640443.0,861750366.0
2024-07-26,1370.19,1372.9,1352.55,1360.69,92955195.0,931879546.0
2024-07-29,1359.33,1375.61,1352.55,1371.54,78155243.0,788019059.0
2024-07-30,1370.19,1374.26,1360.69,1367.47,61326795.0,618056610.0
2024-07-31,1367.47,1394.61,1366.12,1393.25,109690634.0,1117768675.0
2024-08-01,1390.54,1400.03,1379.68,1393.25,73388377.0,752688220.0
2024-08-02,1386.47,1390.54,1374.26,1375.61,59022876.0,601173371.0
2024-08-05,1371.54,1386.47,1363.4,1363.4,75897852.0,768980625.0
2024-08-06,1366.12,1372.9,1341.7,1347.12,126553691.0,1261997757.0
2024-08-07,1349.84,1353.91,1344.41,1347.12,51760842.0,514848813.0
2024-08-08,1345.77,1353.91,1343.05,1348.48,50041067.0,497548149.0
2024-08-09,1351.19,1370.19,1348.48,1362.05,73027396.0,732886456.0
2024-08-12,1359.33,1363.4,1353.91,1357.98,35301346.0,353251351.0
2024-08-13,1359.33,1360.69,1345.77,1349.84,62207720.0,620061492.0
2024-08-14,1348.48,1353.91,1344.41,1345.77,43638038.0,433380447.0
2024-08-15,1345.77,1364.76,1338.98,1360.69,77624747.0,775851461.0
2024-08-16,1367.47,1385.11,1363.4,1374.26,126036761.0,1277042001.0
2024-08-19,1374.26,1397.32,1372.9,1395.96,148298526.0,1520594688.0
2024-08-20,1400.03,1414.96,1394.61,1402.75,156918665.0,1623147686.0
2024-08-21,1397.32,1408.17,1385.11,1404.1,103488781.0,1068207868.0
2024-08-22,1402.75,1417.67,1400.03,1408.17,110903039.0,1153871816.0
2024-08-23,1409.53,1424.45,1400.03,1420.38,107190571.0,1117475768.0
2024-08-26,1424.45,1431.23,1413.6,1423.1,74067524.0,775921849.0
2024-08-27,1420.38,1427.16,1406.82,1414.96,72313658.0,755583764.0
2024-08-28,1412.24,1414.96,1394.61,1401.39,94254754.0,973872155.0
2024-08-29,1398.68,1408.17,1371.54,1374.26,119767631.0,1221351092.0
2024-08-30,1371.54,1391.89,1371.54,1378.33,129405908.0,1318858688.0
2024-09-02,1372.9,1385.11,1368.83,1371.54,96883550.0,983898751.0
2024-09-03,1371.54,1374.26,1356.62,1367.47,91658122.0,920884663.0
2024-09-04,1363.4,1376.97,1356.62,1359.33,84799233.0,852224670.0
2024-09-05,1360.69,1367.47,1353.91,1366.12,59420876.0,595845843.0
2024-09-06,1364.76,1385.11,1363.4,1367.47,87886543.0,891507834.0
2024-09-09,1363.4,1366.12,1334.91,1336.27,163917451.0,1624857668.0
2024-09-10,1337.63,1345.77,1326.78,1343.05,76790114.0,756124764.0
2024-09-11,1340.34,1340.34,1306.43,1309.14,110872704.0,1078602468.0
2024-09-12,1309.14,1325.42,1303.71,1321.35,58183405.0,564923216.0
2024-09-13,1319.99,1332.2,1315.92,1315.92,56646190.0,553269704.0
2024-09-18,1318.64,1326.78,1310.5,1325.42,44361099.0,431665627.0
2024-09-19,1328.13,1334.91,1313.21,1330.84,68429311.0,669341182.0
2024-09-20,1330.84,1343.05,1326.78,1343.05,79729714.0,785121199.0
2024-09-23,1341.7,1368.83,1338.98,1362.05,89690755.0,897428030.0
2024-09-24,1371.54,1406.82,1367.47,1406.82,163821319.0,1678174482.0
2024-09-25,1427.16,1451.58,1417.67,1424.45,216069398.0,2285995369.0
2024-09-26,1424.45,1512.63,1424.45,1512.63,308645720.0,3341759456.0
2024-09-27,1539.76,1568.25,1496.35,1549.26,384001637.0,4337985143.0
2024-09-30,1576.39,1668.64,1568.25,1656.43,543028364.0,6467438838.0
2024-10-08,1821.94,1821.94,1674.07,1747.33,588897778.0,7602664024.0
2024-10-09,1713.41,1713.41,1581.82,1584.53,426934506.0,5172049702.0
2024-10-10,1610.31,1699.0,1607.54,1660.2,342642168.0,4095573501.0
2024-10-11,1662.97,1686.53,1604.77,1624.17,207089057.0,2455848197.0
2024-10-14,1660.2,1687.91,1633.87,1665.74,240059509.0,2881934272.0
2024-10-15,1654.65,1694.84,1646.34,1649.11,207284077.0,2500974427.0
2024-10-16,1635.25,1687.91,1631.1,1671.28,191449353.0,2301340929.0
2024-10-17,1672.67,1694.84,1653.27,1656.04,165370809.0,1993261646.0
2024-10-18,1650.5,1687.91,1618.62,1668.51,260465416.0,3105820973.0
2024-10-21,1654.65,1654.65,1611.69,1636.64,280665467.0,3302020181.0
2024-10-22,1629.71,1653.27,1624.17,1633.87,161778713.0,1908438725.0
2024-10-23,1638.03,1647.73,1628.32,1643.57,151186604.0,1787236762.0
2024-10-24,1636.64,1643.57,1624.17,1628.32,88529942.0,1042818619.0
2024-10-25,1631.1,1632.48,1620.01,1622.78,110575468.0,1296844369.0
2024-10-28,1618.62,1618.62,1597.84,1613.08,116948698.0,1356008963.0
2024-10-29,1610.31,1626.94,1597.84,1599.22,119802482.0,1391150259.0
2024-10-30,1593.68,1604.77,1561.81,1568.73,148240279.0,1686501658.0
2024-10-31,1570.12,1585.36,1557.65,1577.05,125020539.0,1419624319.0
2024-11-01,1577.05,1600.61,1571.51,1583.98,158981111.0,1821423447.0
2024-11-04,1583.98,1588.14,1560.42,1588.14,113151611.0,1285874126.0
2024-11-05,1582.59,1615.85,1578.44,1614.47,166541840.0,1925260700.0
2024-11-06,1610.31,1613.08,1589.52,1600.61,146228636.0,1689977501.0
2024-11-07,1593.68,1653.27,1590.91,1650.5,224284379.0,2627007561.0
2024-11-08,1654.65,1664.36,1621.4,1624.17,189510415.0,2239060534.0
2024-11-11,1611.69,1618.62,1589.52,1607.54,148695164.0,1717961562.0
2024-11-12,1604.77,1640.8,1595.07,1599.22,171766255.0,2005791408.0
2024-11-13,1593.68,1621.4,1590.91,1608.92,108626328.0,1260161857.0
2024-11-14,1606.15,1621.4,1597.84,1599.22,115978311.0,1348378229.0
2024-11-15,1593.68,1608.92,1582.59,1585.36,121578351.0,1399308729.0
2024-11-18,1611.69,1668.51,1610.31,1628.32,379732445.0,4493249093.0
2024-11-19,1628.32,1657.43,1600.61,1618.62,243003665.0,2849661696.0
2024-11-20,1617.24,1628.32,1608.92,1613.08,128657248.0,1498818034.0
2024-11-21,1610.31,1614.47,1601.99,1606.15,88340806.0,1023998432.0
2024-11-22,1606.15,1608.92,1563.19,1563.19,162531744.0,1858071592.0
2024-11-25,1563.19,1571.51,1543.79,1549.33,116602032.0,1310130629.0
2024-11-26,1549.33,1567.35,1543.79,1561.81,83107820.0,933733855.0
2024-11-27,1557.65,1578.44,1545.18,1578.44,89517805.0,1010001964.0
2024-11-28,1578.44,1582.59,1568.73,1571.51,73316854.0,833121339.0
2024-11-29,1575.66,1588.14,1571.51,1577.05,102848758.0,1173316154.0
2024-12-02,1578.44,1579.82,1567.35,1578.44,97543366.0,1108785597.0
2024-12-03,1575.66,1593.68,1572.89,1592.29,108255936.0,1236992678.0
2024-12-04,1585.36,1597.84,1575.66,1588.14,100747059.0,1154623370.0
2024-12-05,1585.36,1593.68,1581.21,1585.36,68710883.0,786137964.0
2024-12-06,1585.36,1621.4,1583.98,1615.85,172626927.0,2004270466.0
2024-12-09,1611.69,1624.17,1606.15,1617.24,96406316.0,1123441855.0
2024-12-10,1649.11,1656.04,1628.32,1633.87,216780724.0,2564600677.0
2024-12-11,1633.87,1639.41,1624.17,1625.55,96769145.0,1138374175.0
2024-12-12,1625.55,1644.95,1622.78,1642.18,98623459.0,1164062448.0
2024-12-13,1633.87,1635.25,1601.99,1601.99,134379289.0,1565589089.0
2024-12-16,1601.99,1615.85,1597.84,1603.38,80571778.0,934226189.0
2024-12-17,1603.38,1614.47,1596.45,1597.84,80211995.0,929225455.0
2024-12-18,1604.77,1626.94,1603.38,1614.47,101658966.0,1186285805.0
2024-12-19,1606.15,1613.08,1599.22,1606.15,69737904.0,808465664.0
2024-12-20,1606.15,1621.4,1604.77,1610.31,71464627.0,831437460.0
2024-12-23,1613.08,1640.8,1613.08,1625.55,165940476.0,1953519499.0
2024-12-24,1624.17,1644.95,1624.17,1643.57,135083691.0,1595698790.0
2024-12-25,1643.57,1665.74,1640.8,1651.88,147528294.0,1759956630.0
2024-12-26,1651.88,1653.27,1632.48,1643.57,100007470.0,1183745519.0
2024-12-27,1644.95,1649.11,1615.85,1639.41,129001228.0,1518383345.0
2024-12-30,1632.48,1658.81,1632.48,1656.04,135184636.0,1610892096.0
2024-12-31,1653.27,1661.58,1621.4,1621.4,147536733.0,1747242074.0
2025-01-02,1625.55,1631.1,1578.44,1583.98,181959699.0,2102923078.0
2025-01-03,1585.36,1599.22,1574.28,1577.05,115468044.0,1320520978.0
2025-01-06,1577.05,1590.91,1554.88,1585.36,108553630.0,1234305778.0
2025-01-07,1582.59,1597.84,1575.66,1595.07,74786288.0,858329049.0
2025-01-08,1593.68,1611.69,1579.82,1593.68,106238601.0,1223598997.0
2025-01-09,1593.68,1593.68,1572.89,1579.82,75148330.0,857836086.0
2025-01-10,1579.82,1588.14,1563.19,1565.96,79813351.0,905005041.0
2025-01-13,1559.03,1560.42,1535.48,1552.11,93496618.0,1044904416.0
2025-01-14,1552.11,1579.82,1550.72,1577.05,82462895.0,934467766.0
2025-01-15,1577.05,1604.77,1574.28,1590.91,103163082.0,1185403653.0
2025-01-16,1600.61,1606.15,1589.52,1603.38,87296399.0,1007689274.0
2025-01-17,1597.84,1600.61,1582.59,1586.75,68976486.0,791230419.0
2025-01-20,1593.68,1596.45,1579.82,1582.59,83202913.0,953092179.0
2025-01-21,1586.75,1586.75,1568.73,1570.12,90206894.0,1024879174.0
2025-01-22,1568.73,1570.12,1535.48,1536.86,134712922.0,1504818607.0
2025-01-23,1547.95,1579.82,1547.95,1568.73,151492027.0,1715172472.0
2025-01-24,1568.73,1578.44,1554.88,1571.51,94494421.0,1069899088.0
2025-01-27,1577.05,1600.61,1577.05,1589.52,115193471.0,1324270607.0
2025-02-05,1593.68,1596.45,1570.12,1575.66,84343370.0,961193579.0
2025-02-06,1572.89,1586.75,1565.96,1574.28,95560325.0,1084793176.0
2025-02-07,1574.28,1586.75,1567.35,1577.05,140749262.0,1601621980.0
2025-02-10,1577.05,1593.68,1574.28,1583.98,102659093.0,1174044624.0
2025-02-11,1579.82,1589.52,1575.66,1582.59,84452003.0,963865615.0
2025-02-12,1581.21,1583.98,1571.51,1582.59,98880683.0,1125323633.0
2025-02-13,1582.59,1600.61,1579.82,1593.68,135863927.0,1560709511.0
2025-02-14,1592.29,1600.61,1583.98,1600.61,97305774.0,1118355997.0
2025-02-17,1607.54,1635.25,1600.61,1632.48,206196542.0,2413146067.0
2025-02-18,1629.71,1657.43,1629.71,1636.64,199661049.0,2371071467.0
2025-02-19,1635.25,1636.64,1618.62,1622.78,117774895.0,1382467174.0
2025-02-20,1622.78,1629.71,1614.47,1615.85,78439627.0,917231443.0
2025-02-21,1620.01,1622.78,1600.61,1613.08,97396897.0,1131033824.0
2025-02-24,1611.69,1620.01,1601.99,1606.15,94995617.0,1103548964.0
2025-02-25,1601.99,1604.77,1588.14,1589.52,91715602.0,1055685157.0
2025-02-26,1589.52,1607.54,1589.52,1596.45,84164552.0,970641211.0
2025-02-27,1597.84,1611.69,1588.14,1610.31,97730975.0,1130386662.0
2025-02-28,1604.77,1618.62,1593.68,1597.84,94908806.0,1100335054.0
2025-03-03,1596.45,1601.99,1586.75,1595.07,83045695.0,955266366.0
2025-03-04,1589.52,1600.61,1585.36,1595.07,68317873.0,785447989.0
2025-03-05,1596.45,1617.24,1590.91,1615.85,108064544.0,1254892074.0
2025-03-06,1620.01,1621.4,1607.54,1611.69,87740771.0,1021780609.0
2025-03-07,1611.69,1620.01,1607.54,1617.24,83553669.0,973236690.0
2025-03-10,1615.85,1617.24,1600.61,1606.15,66383393.0,769261385.0
2025-03-11,1599.22,1608.92,1596.45,1608.92,60897527.0,704240464.0
2025-03-12,1607.54,1644.95,1601.99,1642.18,187731840.0,2210904482.0
2025-03-13,1636.64,1650.5,1632.48,1640.8,131237121.0,1555123174.0
2025-03-14,1638.03,1662.97,1638.03,1658.81,172241765.0,2057970454.0
2025-03-17,1611.69,1617.24,1588.14,1593.68,460361210.0,5315522817.0
2025-03-18,1596.45,1599.22,1590.91,1592.29,160529000.0,1846500421.0
2025-03-19,1590.91,1597.84,1588.14,1596.45,136245491.0,1566452161.0
2025-03-20,1595.07,1608.92,1592.29,1592.29,110115724.0,1268849140.0
2025-03-21,1592.29,1596.45,1578.44,1582.59,137638897.0,1576151833.0
2025-03-24,1581.21,1585.36,1571.51,1577.05,116457734.0,1325564002.0
2025-03-25,1577.05,1583.98,1574.28,1583.98,73560888.0,839142044.0
2025-03-26,1582.59,1583.98,1575.66,1577.05,74086307.0,843536936.0
2025-03-27,1575.66,1581.21,1572.89,1578.44,55334940.0,629863383.0
2025-03-28,1578.44,1579.82,1571.51,1572.89,64494555.0,732420874.0
2025-03-31,1574.28,1577.05,1560.42,1560.42,111612564.0,1262598263.0
2025-04-01,1561.81,1565.96,1554.88,1561.81,68147042.0,767424131.0
2025-04-02,1559.03,1581.21,1559.03,1575.66,93264176.0,1058747241.0
2025-04-03,1567.35,1578.44,1565.96,1571.51,64391391.0,730375808.0
2025-04-07,1524.39,1531.32,1452.33,1482.81,254556048.0,2751055412.0
2025-04-08,1480.04,1503.6,1477.27,1499.44,146398771.0,1576590040.0
2025-04-09,1486.97,1500.83,1477.27,1496.67,106439405.0,1145238958.0
2025-04-10,1504.99,1514.69,1499.44,1510.53,86654805.0,943352302.0
2025-04-11,1506.37,1510.53,1500.83,1509.14,58387902.0,634311780.0
2025-04-14,1517.46,1529.93,1513.3,1514.69,78599345.0,862557144.0
2025-04-15,1513.3,1520.23,1510.53,1517.46,72275410.0,790139077.0
2025-04-16,1514.69,1525.77,1511.92,1524.39,84282217.0,923316063.0
2025-04-17,1517.46,1535.48,1514.69,1532.7,82391931.0,907597513.0
2025-04-18,1529.93,1550.72,1528.55,1549.33,72709815.0,810031605.0
2025-04-21,1524.39,1542.4,1520.23,1527.16,111418418.0,1230804536.0
2025-04-22,1527.16,1532.7,1521.62,1529.93,83112887.0,915967678.0
2025-04-23,1529.93,1531.32,1520.23,1525.77,58638293.0,645842400.0
2025-04-24,1524.39,1532.7,1523.0,1528.55,68925613.0,760348555.0
2025-04-25,1529.93,1531.32,1523.0,1525.77,63754686.0,702315255.0
2025-04-28,1524.39,1529.93,1518.85,1524.39,64201837.0,706520176.0
2025-04-29,1524.39,1527.16,1517.46,1521.62,64904494.0,712792543.0
2025-04-30,1518.85,1520.23,1509.14,1511.92,86983492.0,949911030.0
2025-05-06,1513.3,1524.39,1509.14,1518.85,85467127.0,935212114.0
2025-05-07,1525.77,1529.93,1520.23,1528.55,112627001.0,1240098147.0
2025-05-08,1524.39,1535.48,1523.0,1535.48,105661366.0,1167913498.0
2025-05-09,1534.09,1547.95,1532.7,1545.18,99989747.0,1113688153.0
2025-05-12,1546.56,1554.88,1542.4,1546.56,89560460.0,1000478411.0
2025-05-13,1550.72,1570.12,1545.18,1564.58,126103062.0,1420501315.0
2025-05-14,1564.58,1589.52,1559.03,1583.98,168351358.0,1912995433.0
2025-05-15,1583.98,1593.68,1577.05,1578.44,103546026.0,1183732832.0
2025-05-16,1575.66,1583.98,1567.35,1577.05,91474445.0,1039223623.0
2025-05-19,1579.82,1589.52,1574.28,1575.66,83139060.0,949883545.0
2025-05-20,1579.82,1589.52,1575.66,1578.44,64363480.0,734455266.0
2025-05-21,1579.82,1606.15,1578.44,1590.91,132827810.0,1528350368.0
2025-05-22,1586.75,1601.99,1585.36,1600.61,100296806.0,1155265064.0
2025-05-23,1600.61,1607.54,1583.98,1588.14,96264311.0,1108636101.0
2025-05-26,1585.36,1593.68,1579.82,1582.59,69915858.0,800495685.0
2025-05-27,1586.75,1599.22,1582.59,1592.29,80191514.0,921912281.0
2025-05-28,1593.68,1600.61,1585.36,1597.84,65817947.0,757571319.0
2025-05-29,1596.45,1600.61,1586.75,1588.14,91980676.0,1056726384.0
2025-05-30,1589.52,1604.77,1585.36,1601.99,113084931.0,1303433716.0
2025-06-03,1599.22,1650.5,1597.84,1636.64,219247966.0,2580962601.0
2025-06-04,1638.03,1646.34,1632.48,1640.8,116795950.0,1383019682.0
2025-06-05,1646.34,1650.5,1615.85,1617.24,116680349.0,1369212336.0
2025-06-06,1621.4,1633.87,1618.62,1621.4,68235251.0,799900024.0
2025-06-09,1625.55,1628.32,1614.47,1622.78,77325468.0,905092605.0
2025-06-10,1624.17,1647.73,1622.78,1636.64,142813180.0,1689018780.0
2025-06-11,1638.03,1653.27,1633.87,1642.18,109466664.0,1298656315.0
2025-06-12,1652.47,1672.49,1646.76,1669.63,129022047.0,1500287176.0
2025-06-13,1669.63,1678.21,1652.47,1655.33,109549419.0,1272773101.0
2025-06-16,1653.9,1685.35,1648.19,1685.35,117443827.0,1371041708.0
2025-06-17,1685.35,1698.22,1673.92,1681.06,89002734.0,1048960749.0
2025-06-18,1683.92,1688.21,1666.77,1682.49,68352111.0,802908098.0
2025-06-19,1681.06,1683.92,1665.34,1672.49,83224716.0,974127331.0
2025-06-20,1672.49,1695.36,1668.2,1692.5,130919782.0,1544541881.0
2025-06-23,1688.21,1711.08,1668.2,1705.37,138917048.0,1646476917.0
2025-06-24,1701.08,1716.8,1692.5,1705.37,130852531.0,1560621893.0
2025-06-25,1705.37,1726.81,1691.07,1723.95,167511647.0,2007989727.0
2025-06-26,1722.52,1783.99,1716.8,1773.98,217457766.0,2672207529.0
2025-06-27,1768.26,1798.28,1733.95,1743.96,237760015.0,2937865058.0
2025-06-30,1735.38,1739.67,1709.65,1725.38,150481965.0,1812492377.0
2025-07-01,1723.95,1762.54,1723.95,1758.26,135434108.0,1653806750.0
2025-07-02,1759.69,1773.98,1748.25,1761.12,120041184.0,1481842213.0
2025-07-03,1762.54,1775.41,1755.4,1765.4,79408597.0,980546007.0
2025-07-04,1765.4,1818.29,1758.26,1801.14,177533267.0,2224874056.0
2025-07-07,1801.14,1832.59,1801.14,1826.87,149540653.0,1901755851.0
2025-07-08,1822.58,1835.45,1808.29,1814.01,109098597.0,1387093602.0
2025-07-09,1809.72,1844.02,1809.72,1835.45,120596330.0,1542699035.0
2025-07-10,1832.59,1905.49,1828.3,1884.05,248141553.0,3249454029.0
2025-07-11,1885.48,1901.2,1842.6,1845.45,244374350.0,3200219566.0
2025-07-14,1839.74,1882.62,1838.31,1855.46,187289585.0,2440924105.0
2025-07-15,1856.89,1864.04,1816.86,1819.72,181053131.0,2322277285.0
2025-07-16,1819.72,1824.01,1786.85,1806.86,192786379.0,2424983973.0
2025-07-17,1802.57,1815.44,1792.56,1799.71,94464140.0,1189666227.0
2025-07-18,1804.0,1822.58,1801.14,1815.44,124120611.0,1574176824.0
2025-07-21,1806.86,1816.86,1793.99,1802.57,107902662.0,1360155719.0
2025-07-22,1801.14,1801.14,1761.12,1785.42,193522916.0,2408337286.0
2025-07-23,1781.13,1805.43,1779.7,1791.13,137052000.0,1719158803.0
2025-07-24,1791.13,1791.13,1762.54,1765.4,195935057.0,2426175236.0
2025-07-25,1762.54,1781.13,1761.12,1765.4,110826666.0,1372103731.0
2025-07-28,1765.4,1791.13,1761.12,1781.13,123824278.0,1541317047.0
2025-07-29,1781.13,1788.28,1763.97,1763.97,101281801.0,1255113972.0
2025-07-30,1765.4,1806.86,1763.97,1785.42,171516360.0,2149934405.0
2025-07-31,1788.28,1793.99,1746.82,1748.25,169008125.0,2079630602.0
2025-08-01,1749.68,1762.54,1736.81,1755.4,101218698.0,1240239180.0
2025-08-04,1749.68,1769.69,1745.39,1758.26,103268969.0,1271376407.0
2025-08-05,1758.26,1786.85,1755.4,1782.56,113207820.0,1405152349.0
2025-08-06,1782.56,1789.7,1772.55,1781.13,69044765.0,859684675.0
2025-08-07,1778.27,1791.13,1771.12,1782.56,72205305.0,900760013.0
2025-08-08,1783.99,1791.13,1771.12,1772.55,82979591.0,1032586759.0
2025-08-11,1772.55,1775.41,1753.97,1758.26,93435315.0,1150305113.0
2025-08-12,1758.26,1772.55,1758.26,1762.54,68005619.0,839635630.0
2025-08-13,1768.26,1772.55,1748.25,1752.54,111981305.0,1376777909.0
2025-08-14,1753.97,1763.97,1742.53,1743.96,124104129.0,1523447932.0
2025-08-15,1748.25,1748.25,1706.79,1726.81,194850295.0,2344073499.0
2025-08-18,1723.95,1736.81,1719.66,1726.81,123905837.0,1496527039.0
2025-08-19,1729.67,1732.53,1718.23,1723.95,89285989.0,1077380173.0
2025-08-20,1723.95,1732.53,1712.51,1725.38,104873853.0,1265435773.0
2025-08-21,1722.52,1742.53,1719.66,1736.81,121741825.0,1477053292.0
2025-08-22,1736.81,1739.67,1712.51,1723.95,164425977.0,1979461311.0
2025-08-25,1732.53,1791.13,1729.67,1779.7,304508753.0,3761289076.0
2025-08-26,1779.7,1786.85,1758.26,1766.83,138359861.0,1709560923.0
2025-08-27,1761.12,1766.83,1722.52,1723.95,186004950.0,2268070721.0
2025-08-28,1728.24,1735.38,1711.08,1726.81,165358793.0,1991723374.0
2025-08-29,1722.52,1746.82,1719.66,1722.52,180512568.0,2186232853.0
2025-09-01,1722.52,1722.52,1693.93,1699.65,185845902.0,2214306332.0
2025-09-02,1693.93,1713.94,1692.5,1712.51,149271566.0,1780010209.0
2025-09-03,1712.51,1716.8,1678.21,1679.63,136723249.0,1619322977.0
2025-09-04,1681.06,1682.49,1658.19,1678.21,129530002.0,1513956779.0
2025-09-05,1676.78,1678.21,1662.48,1675.35,81966156.0,957547463.0
2025-09-08,1673.92,1683.92,1668.2,1672.49,92443104.0,1083054608.0
2025-09-09,1673.92,1683.92,1669.63,1679.63,86053917.0,1009279729.0
2025-09-10,1678.21,1685.35,1673.92,1682.49,79266839.0,932170201.0
2025-09-11,1682.49,1693.93,1673.92,1693.93,96393163.0,1134234367.0
2025-09-12,1691.07,1698.22,1672.49,1675.35,94038510.0,1107449057.0
2025-09-15,1672.49,1675.35,1662.48,1665.34,84038656.0,980347617.0
2025-09-16,1666.77,1673.92,1659.62,1663.91,70804849.0,825169464.0
2025-09-17,1663.91,1668.2,1655.33,1663.91,77112893.0,896750270.0
2025-09-18,1665.34,1666.77,1626.74,1631.03,138616040.0,1594827200.0
2025-09-19,1631.03,1645.33,1625.31,1636.75,83465123.0,955004097.0
2025-09-22,1635.32,1639.61,1625.31,1626.74,59640232.0,680158439.0
2025-09-23,1625.31,1655.33,1618.17,1646.76,134143022.0,1543271185.0
2025-09-24,1645.33,1661.05,1633.89,1638.18,113958347.0,1310214181.0
2025-09-25,1633.89,1639.61,1623.89,1629.6,77327594.0,881943148.0
2025-09-26,1628.17,1635.32,1618.17,1629.6,75323875.0,856917688.0
2025-09-29,1629.6,1641.04,1611.02,1625.31,117601243.0,1334456974.0
2025-09-30,1625.31,1625.31,1613.88,1621.03,83247947.0,942224081.0
2025-10-09,1619.6,1631.03,1611.02,1629.6,104746906.0,1187061683.0
2025-10-10,1625.31,1642.47,1623.89,1633.89,108794775.0,1244213513.0
2025-10-13,1618.17,1638.18,1612.45,1629.6,116880173.0,1328180364.0
2025-10-14,1628.17,1658.19,1623.89,1653.9,184342836.0,2124120304.0
2025-10-15,1654.78,1666.45,1643.11,1663.54,127106103.0,1443458105.0
2025-10-16,1660.62,1685.42,1657.7,1683.96,126193687.0,1447841585.0
2025-10-17,1678.13,1689.8,1660.62,1663.54,103966632.0,1193518555.0
2025-10-20,1664.99,1670.83,1644.57,1666.45,95264110.0,1081829700.0
2025-10-21,1663.54,1673.75,1662.08,1667.91,76116462.0,869658080.0
2025-10-22,1663.54,1683.96,1663.54,1681.05,83370319.0,957661636.0
2025-10-23,1681.05,1708.77,1678.13,1697.1,137311158.0,1593155218.0
2025-10-24,1692.72,1704.39,1685.42,1686.88,98047530.0,1138026681.0
2025-10-27,1683.96,1694.18,1669.37,1681.05,123948526.0,1428199707.0
2025-10-28,1682.51,1689.8,1666.45,1673.75,82156818.0,943626835.0
2025-10-29,1672.29,1672.29,1657.7,1662.08,96621364.0,1100783363.0
2025-10-30,1660.62,1673.75,1657.7,1660.62,94377015.0,1077182643.0
2025-10-31,1660.62,1663.54,1648.94,1651.86,97019293.0,1099179193.0
2025-11-03,1654.78,1669.37,1648.94,1667.91,95232643.0,1084422504.0
2025-11-04,1666.45,1698.56,1663.54,1691.26,150300748.0,1737289514.0
2025-11-05,1691.26,1692.72,1678.13,1681.05,79492605.0,918112474.0
2025-11-06,1678.13,1689.8,1673.75,1679.59,76658546.0,882799462.0
2025-11-07,1681.05,1689.8,1678.13,1685.42,73485055.0,848177984.0
2025-11-10,1681.05,1698.56,1670.83,1697.1,82720833.0,957555601.0
2025-11-11,1695.64,1705.85,1688.34,1702.93,88650887.0,1033284776.0
2025-11-12,1707.31,1720.45,1700.02,1704.39,114132538.0,1337963805.0
2025-11-13,1704.39,1710.23,1688.34,1707.31,97899103.0,1139765204.0
2025-11-14,1702.93,1727.74,1701.48,1714.61,131699498.0,1551867288.0
2025-11-17,1714.61,1714.61,1695.64,1702.93,99523287.0,1161416222.0
2025-11-18,1700.02,1705.85,1688.34,1691.26,67007735.0,778887578.0
2025-11-19,1689.8,1726.28,1688.34,1721.9,133499619.0,1565428547.0
2025-11-20,1720.45,1749.63,1713.15,1729.2,163703985.0,1948415940.0
2025-11-21,1721.9,1733.58,1701.48,1705.85,146535888.0,1721871193.0
2025-11-24,1707.31,1711.69,1692.72,1692.72,111711880.0,1302444630.0
2025-11-25,1694.18,1721.9,1689.8,1721.9,102808052.0,1203879797.0
2025-11-26,1723.36,1729.2,1700.02,1705.85,82130109.0,962935430.0
2025-11-27,1701.48,1708.77,1689.8,1708.77,101184710.0,1178308953.0
2025-11-28,1702.93,1704.39,1689.8,1694.18,88435845.0,1027933464.0
2025-12-01,1692.72,1707.31,1682.51,1705.85,103732271.0,1205480323.0
2025-12-02,1704.39,1711.69,1691.26,1698.56,76805993.0,894720592.0
2025-12-03,1698.56,1707.31,1683.96,1685.42,94460109.0,1099167227.0
2025-12-04,1685.42,1689.8,1672.29,1676.67,88608988.0,1019178990.0
2025-12-05,1676.67,1683.96,1663.54,1682.51,89076609.0,1022334912.0
2025-12-08,1676.67,1692.72,1675.21,1681.05,85589893.0,988510035.0
2025-12-09,1681.05,1683.96,1667.91,1667.91,73395745.0,842732358.0
2025-12-10,1669.37,1672.29,1647.48,1653.32,104406472.0,1184087688.0
2025-12-11,1656.24,1662.08,1648.94,1659.16,92526129.0,1049906216.0
2025-12-12,1659.16,1667.91,1648.94,1656.24,119189472.0,1357465371.0
2025-12-15,1654.78,1683.96,1653.32,1679.59,94083253.0,1080642231.0
2025-12-16,1676.67,1685.42,1669.37,1675.21,64735136.0,743389002.0
2025-12-17,1673.75,1689.8,1666.45,1682.51,70149533.0,807135164.0
2025-12-18,1679.59,1700.02,1675.21,1698.56,79046654.0,916247611.0
2025-12-19,1697.1,1700.02,1689.8,1695.64,64988619.0,755106127.0
2025-12-22,1694.18,1694.18,1679.59,1681.05,74236916.0,857197057.0
2025-12-23,1681.05,1692.72,1678.13,1686.88,66626574.0,770081940.0
2025-12-24,1685.42,1689.8,1676.67,1683.96,50524356.0,582458735.0
2025-12-25,1683.96,1695.64,1681.05,1686.88,54745523.0,633772625.0
2025-12-26,1686.88,1691.26,1682.51,1683.96,43633984.0,504079280.0
2025-12-29,1683.96,1695.64,1678.13,1686.88,64829542.0,749082978.0
2025-12-30,1682.51,1686.88,1670.83,1675.21,58258433.0,669409275.0
2025-12-31,1675.21,1676.67,1663.54,1664.99,59062037.0,675457357.0
2026-01-05,1666.45,1679.59,1664.99,1678.13,87549118.0,1003479224.0
2026-01-06,1678.13,1704.39,1675.21,1702.93,130464842.0,1512911584.0
2026-01-07,1701.48,1724.82,1695.64,1698.56,96623624.0,1131165699.0
2026-01-08,1698.56,1700.02,1676.67,1679.59,110008511.0,1268647295.0
2026-01-09,1682.51,1682.51,1669.37,1672.29,98339004.0,1128076547.0
2026-01-12,1670.83,1676.67,1666.45,1675.21,85521298.0,979700148.0
2026-01-13,1675.21,1683.96,1669.37,1673.75,106154122.0,1219755569.0
2026-01-14,1673.75,1673.75,1656.24,1657.7,127475714.0,1454416591.0
2026-01-15,1653.32,1659.16,1648.94,1650.4,88495977.0,1002514947.0
2026-01-16,1654.78,1654.78,1628.51,1632.89,111947254.0,1257713579.0
2026-01-19,1627.05,1635.81,1621.22,1622.68,80474131.0,896712443.0
2026-01-20,1622.68,1634.35,1621.22,1628.51,77227609.0,861694178.0
2026-01-21,1627.05,1631.43,1613.92,1615.38,90012491.0,1001045288.0
2026-01-22,1615.38,1627.05,1612.46,1615.38,78863462.0,873985785.0
2026-01-23,1615.38,1618.3,1602.25,1603.71,110999429.0,1224886436.0
2026-01-26,1602.25,1613.92,1593.49,1599.33,110624665.0,1214803431.0
2026-01-27,1599.33,1609.54,1594.95,1596.41,89409121.0,981119838.0
2026-01-28,1596.41,1603.71,1578.9,1581.82,143876603.0,1570012850.0
2026-01-29,1581.82,1602.25,1555.55,1599.33,185299383.0,2001845208.0
2026-01-30,1596.41,1609.54,1580.36,1580.36,109175497.0,1191181198.0
2026-02-02,1578.9,1609.54,1575.98,1584.74,122317302.0,1337643445.0
2026-02-03,1589.11,1590.57,1571.6,1581.82,80662816.0,872562155.0
2026-02-04,1583.28,1602.25,1581.82,1600.79,69541547.0,760107689.0
2026-02-05,1602.25,1621.22,1599.33,1618.3,117759109.0,1301134142.0
2026-02-06,1616.84,1625.59,1603.71,1612.46,72770959.0,803862241.0
2026-02-09,1612.46,1621.22,1606.62,1615.38,61971670.0,685218215.0
2026-02-10,1615.38,1619.76,1608.08,1613.92,60042999.0,664140162.0
2026-02-11,1613.92,1618.3,1608.08,1615.38,43104098.0,476801864.0
2026-02-12,1615.38,1616.84,1594.95,1599.33,68134024.0,748338547.0
2026-02-13,1599.33,1603.71,1590.57,1592.03,55504736.0,607501376.0
2026-02-24,1594.95,1597.87,1587.65,1592.03,60251240.0,657487700.0
2026-02-25,1592.03,1597.87,1573.06,1584.74,106313487.0,1156693737.0
2026-02-26,1584.74,1592.03,1575.98,1586.2,71273019.0,772947727.0
2026-02-27,1584.74,1593.49,1581.82,1590.57,61222796.0,666177346.0
2026-03-02,1583.28,1589.11,1571.6,1583.28,83887355.0,908747812.0
2026-03-03,1583.28,1597.87,1575.98,1587.65,102869483.0,1119402076.0
2026-03-04,1581.82,1581.82,1557.01,1562.85,108971396.0,1167995856.0
2026-03-05,1564.31,1581.82,1561.39,1577.44,71264118.0,768553598.0
2026-03-06,1573.06,1581.82,1571.6,1578.9,47657680.0,514733550.0
2026-03-09,1574.52,1578.9,1567.23,1570.14,83589238.0,900716851.0
2026-03-10,1571.6,1577.44,1565.77,1577.44,79011168.0,850573536.0
2026-03-11,1574.52,1590.57,1571.6,1589.11,72053464.0,781041009.0
2026-03-12,1586.2,1599.33,1583.28,1596.41,75490558.0,824171954.0
2026-03-13,1594.95,1605.17,1586.2,1594.95,84193915.0,920839356.0
2026-03-16,1594.95,1600.79,1587.65,1593.49,71560301.0,782089441.0
2026-03-17,1592.03,1615.38,1590.57,1609.54,107665681.0,1187565492.0
2026-03-18,1611.0,1611.0,1592.03,1599.33,79107940.0,867711250.0
2026-03-19,1593.49,1600.79,1584.74,1587.65,62421195.0,681086519.0
2026-03-20,1586.2,1596.41,1570.14,1571.6,83408256.0,903819004.0
2026-03-23,1558.47,1558.47,1521.99,1524.91,158008833.0,1666328348.0
2026-03-24,1535.12,1589.11,1535.12,1587.65,162225127.0,1744746708.0
2026-03-25,1589.11,1597.87,1574.52,1596.41,74477991.0,809739890.0
2026-03-26,1592.03,1612.46,1590.57,1596.41,82766409.0,909199431.0
2026-03-27,1592.03,1612.46,1580.36,1608.08,88412862.0,972821270.0
2026-03-30,1602.25,1612.46,1596.41,1603.71,63252210.0,696208267.0
2026-03-31,1605.17,1631.43,1603.71,1616.84,116456534.0,1294675716.0
2026-04-01,1618.3,1638.73,1616.84,1627.05,91892539.0,1025538833.0
2026-04-02,1627.05,1651.86,1624.14,1644.57,114889522.0,1292756712.0
2026-04-03,1646.02,1646.02,1618.3,1622.68,75775733.0,845283641.0
2026-04-07,1622.68,1625.59,1600.79,1609.54,60795521.0,671322755.0
2026-04-08,1621.22,1637.27,1612.46,1637.27,81297589.0,906308305.0
2026-04-09,1629.97,1637.27,1613.92,1619.76,60236493.0,669239285.0
2026-04-10,1619.76,1624.14,1615.38,1618.3,48104693.0,534088991.0
2026-04-13,1612.46,1618.3,1609.54,1615.38,40610413.0,449056814.0
2026-04-14,1615.38,1629.97,1615.38,1629.97,49615109.0,551741633.0
2026-04-15,1628.51,1637.27,1627.05,1635.81,50393793.0,564031568.0
2026-04-16,1634.35,1638.73,1615.38,1618.3,68091460.0,758006903.0
2026-04-17,1618.3,1621.22,1603.71,1606.62,72253042.0,797678406.0
2026-04-20,1606.62,1615.38,1599.33,1613.92,63003366.0,695097194.0
2026-04-21,1611.0,1628.51,1609.54,1616.84,80694634.0,896659539.0
2026-04-22,1616.84,1618.3,1597.87,1602.25,83905399.0,923203009.0
2026-04-23,1602.25,1609.54,1594.95,1605.17,64806661.0,711757543.0
2026-04-24,1602.25,1609.54,1593.49,1605.17,58271012.0,639781173.0
2026-04-27,1653.32,1688.34,1647.48,1660.62,340127567.0,3891707615.0
2026-04-28,1657.7,1672.29,1651.86,1672.29,167425883.0,1908333959.0
2026-04-29,1667.91,1683.96,1662.08,1681.05,137842344.0,1583294869.0
2026-04-30,1678.13,1692.72,1672.29,1676.67,113924162.0,1312827776.0
2026-05-06,1678.13,1678.13,1648.94,1657.7,121638755.0,1380730921.0
2026-05-07,1659.16,1662.08,1648.94,1659.16,93695806.0,1062755239.0
2026-05-08,1654.78,1666.45,1648.94,1648.94,79881986.0,905737835.0
2026-05-11,1647.48,1650.4,1628.51,1646.02,93186521.0,1047435369.0
2026-05-12,1646.02,1657.7,1635.81,1641.65,102903842.0,1158241866.0
2026-05-13,1641.65,1646.02,1621.22,1625.59,101797392.0,1136724107.0
2026-05-14,1625.59,1627.05,1612.46,1612.46,79436841.0,881960631.0
2026-05-15,1612.46,1621.22,1599.33,1603.71,97474176.0,1074648533.0
2026-05-18,1599.33,1600.79,1578.9,1584.74,85638157.0,931697164.0
2026-05-19,1580.36,1593.49,1580.36,1584.74,79352913.0,862561883.0
2026-05-20,1584.74,1587.65,1570.14,1571.6,74763214.0,808079589.0
2026-05-21,1573.06,1575.98,1559.93,1561.39,111021108.0,1194144112.0
2026-05-22,1561.39,1565.77,1554.09,1558.47,95413273.0,1020057083.0
